date,dollar_rate
07.11.2025,"81,3765"
06.11.2025,"81,1885"
02.11.2025,"80,8861"
01.11.2025,"80,9756"
31.10.2025,"80,5037"
30.10.2025,"79,4715"
29.10.2025,"79,8174"
28.10.2025,"78,9848"
25.10.2025,"80,9713"
24.10.2025,"81,2690"
23.10.2025,"81,6549"
22.10.2025,"81,3475"
21.10.2025,"81,3582"
18.10.2025,"80,9834"
17.10.2025,"79,0839"
16.10.2025,"78,8390"
15.10.2025,"79,9589"
14.10.2025,"80,8548"
11.10.2025,"81,1898"
10.10.2025,"81,4103"
09.10.2025,"81,5478"
08.10.2025,"81,9349"
07.10.2025,"83,0000"
04.10.2025,"81,8969"
03.10.2025,"81,0085"
02.10.2025,"81,4967"
01.10.2025,"82,6084"
30.09.2025,"82,8676"
27.09.2025,"83,6118"
26.09.2025,"83,6069"
25.09.2025,"83,9914"
24.09.2025,"83,3506"
23.09.2025,"84,0186"
20.09.2025,"83,5904"
19.09.2025,"83,1725"
18.09.2025,"82,9987"
17.09.2025,"82,8359"
16.09.2025,"83,0718"
13.09.2025,"84,3798"
12.09.2025,"85,6647"
11.09.2025,"84,9211"
10.09.2025,"83,2425"
09.09.2025,"82,3397"
06.09.2025,"81,5556"
05.09.2025,"81,2977"
04.09.2025,"80,8488"
03.09.2025,"80,5947"
02.09.2025,"80,4261"
30.08.2025,"80,3316"
29.08.2025,"80,2918"
28.08.2025,"80,4421"
27.08.2025,"80,5268"
26.08.2025,"80,6842"
23.08.2025,"80,7498"
22.08.2025,"80,2548"
21.08.2025,"80,1045"
20.08.2025,"80,3466"
19.08.2025,"80,4256"
16.08.2025,"80,0224"
15.08.2025,"79,7653"
14.08.2025,"79,6032"
13.08.2025,"79,8714"
12.08.2025,"79,6677"
09.08.2025,"79,7796"
08.08.2025,"79,3847"
07.08.2025,"80,1914"
06.08.2025,"80,0490"
05.08.2025,"79,6736"
02.08.2025,"80,3289"
01.08.2025,"80,3163"
31.07.2025,"81,8347"
30.07.2025,"82,2197"
29.07.2025,"79,5782"
26.07.2025,"79,5527"
25.07.2025,"78,8623"
24.07.2025,"78,4477"
23.07.2025,"78,0882"
22.07.2025,"78,3274"
19.07.2025,"78,3129"
18.07.2025,"78,1856"
17.07.2025,"77,9585"
16.07.2025,"77,9584"
15.07.2025,"78,3722"
12.07.2025,"77,8855"
11.07.2025,"77,9029"
10.07.2025,"78,1727"
09.07.2025,"78,1682"
08.07.2025,"78,7185"
05.07.2025,"78,8354"
04.07.2025,"78,7831"
03.07.2025,"78,6540"
02.07.2025,"78,4181"
01.07.2025,"78,5284"
28.06.2025,"78,4685"
27.06.2025,"78,2117"
26.06.2025,"78,1959"
25.06.2025,"78,3892"
24.06.2025,"78,2923"
21.06.2025,"78,5016"
20.06.2025,"78,4839"
19.06.2025,"78,7174"
18.06.2025,"78,7135"
17.06.2025,"78,5067"
12.06.2025,"79,0028"
11.06.2025,"78,6003"
10.06.2025,"79,1543"
07.06.2025,"79,1703"
06.06.2025,"79,1272"
05.06.2025,"78,5025"
04.06.2025,"78,8549"
03.06.2025,"79,1285"
31.05.2025,"78,6171"
30.05.2025,"78,4970"
29.05.2025,"79,6037"
28.05.2025,"79,6176"
27.05.2025,"79,6588"
24.05.2025,"79,7108"
23.05.2025,"79,7357"
22.05.2025,"79,7530"
21.05.2025,"80,3075"
20.05.2025,"80,4137"
17.05.2025,"80,7689"
16.05.2025,"80,3134"
15.05.2025,"80,2237"
14.05.2025,"80,5500"
13.05.2025,"80,8883"
08.05.2025,"80,8612"
07.05.2025,"80,9644"
06.05.2025,"81,9137"
01.05.2025,"81,4933"
30.04.2025,"81,5616"
29.04.2025,"82,5467"
26.04.2025,"82,6549"
25.04.2025,"82,8559"
24.04.2025,"82,3637"
23.04.2025,"81,4620"
22.04.2025,"80,7597"
19.04.2025,"81,1371"
18.04.2025,"82,0200"
17.04.2025,"82,5892"
16.04.2025,"82,3003"
15.04.2025,"82,7671"
12.04.2025,"84,0040"
11.04.2025,"85,0159"
10.04.2025,"86,0923"
09.04.2025,"85,4641"
08.04.2025,"86,1891"
05.04.2025,"84,2774"
04.04.2025,"84,3830"
03.04.2025,"84,5522"
02.04.2025,"84,8707"
01.04.2025,"85,4963"
29.03.2025,"83,6813"
28.03.2025,"83,8347"
27.03.2025,"84,2065"
26.03.2025,"84,1930"
25.03.2025,"83,8737"
22.03.2025,"84,6400"
21.03.2025,"84,3955"
20.03.2025,"82,8487"
19.03.2025,"81,5018"
18.03.2025,"84,3059"
15.03.2025,"85,5694"
14.03.2025,"86,6190"
13.03.2025,"86,6204"
12.03.2025,"86,5669"
11.03.2025,"88,3872"
08.03.2025,"89,1362"
07.03.2025,"89,5724"
06.03.2025,"89,7878"
05.03.2025,"89,2448"
04.03.2025,"89,2497"
01.03.2025,"88,2568"
28.02.2025,"87,6967"
27.02.2025,"85,9279"
26.02.2025,"86,6318"
25.02.2025,"88,2065"
22.02.2025,"88,1676"
21.02.2025,"88,5103"
20.02.2025,"90,4268"
19.02.2025,"91,3398"
18.02.2025,"91,4347"
15.02.2025,"90,3099"
14.02.2025,"91,0313"
13.02.2025,"94,0485"
12.02.2025,"95,8024"
11.02.2025,"96,7821"
08.02.2025,"97,2762"
07.02.2025,"96,9104"
06.02.2025,"98,0556"
05.02.2025,"98,5336"
04.02.2025,"99,9433"
01.02.2025,"97,8107"
31.01.2025,"98,0062"
30.01.2025,"98,0126"
29.01.2025,"97,9658"
28.01.2025,"97,1320"
25.01.2025,"98,2636"
24.01.2025,"99,0978"
23.01.2025,"98,2804"
22.01.2025,"99,9282"
21.01.2025,"101,9579"
18.01.2025,"102,4137"
17.01.2025,"102,3762"
16.01.2025,"102,8078"
15.01.2025,"103,4380"
14.01.2025,"102,7081"
11.01.2025,"101,9146"
10.01.2025,"102,2911"
29.12.2024,"101,6797"
28.12.2024,"100,5281"
27.12.2024,"99,2295"
26.12.2024,"99,6125"
25.12.2024,"99,8729"
24.12.2024,"101,6143"
21.12.2024,"102,3438"
20.12.2024,"103,4207"
19.12.2024,"102,7763"
18.12.2024,"102,9979"
17.12.2024,"102,9125"
14.12.2024,"103,4305"
13.12.2024,"103,9500"
12.12.2024,"103,2707"
11.12.2024,"100,0324"
10.12.2024,"99,3759"
07.12.2024,"99,4215"
06.12.2024,"103,3837"
05.12.2024,"104,2361"
04.12.2024,"106,1878"
03.12.2024,"107,1758"
30.11.2024,"107,7409"
29.11.2024,"109,5782"
28.11.2024,"108,0104"
27.11.2024,"105,0604"
26.11.2024,"103,7908"
23.11.2024,"102,5761"
22.11.2024,"100,6798"
21.11.2024,"100,2192"
20.11.2024,"100,0348"
19.11.2024,"99,9430"
16.11.2024,"99,9971"
15.11.2024,"99,0180"
14.11.2024,"98,3657"
13.11.2024,"97,9559"
12.11.2024,"97,9550"
09.11.2024,"97,8335"
08.11.2024,"98,0726"
07.11.2024,"98,2236"
06.11.2024,"98,0562"
03.11.2024,"97,5499"
02.11.2024,"97,4402"
01.11.2024,"97,0226"
31.10.2024,"97,0530"
30.10.2024,"97,3261"
29.10.2024,"97,2300"
26.10.2024,"96,6657"
25.10.2024,"96,7402"
24.10.2024,"96,6379"
23.10.2024,"96,5918"
22.10.2024,"96,0924"
19.10.2024,"96,4172"
18.10.2024,"97,1490"
17.10.2024,"97,2568"
16.10.2024,"97,0121"
15.10.2024,"96,1021"
12.10.2024,"96,0686"
11.10.2024,"97,2394"
10.10.2024,"96,9483"
09.10.2024,"96,1079"
08.10.2024,"96,0649"
05.10.2024,"94,8700"
04.10.2024,"95,0262"
03.10.2024,"94,5054"
02.10.2024,"93,3581"
01.10.2024,"93,2221"
28.09.2024,"92,7126"
27.09.2024,"92,4074"
26.09.2024,"92,3880"
25.09.2024,"92,8622"
24.09.2024,"92,9200"
21.09.2024,"92,5848"
20.09.2024,"92,6962"
19.09.2024,"91,6712"
18.09.2024,"91,4292"
17.09.2024,"91,1423"
14.09.2024,"90,9345"
13.09.2024,"91,1096"
12.09.2024,"91,2653"
11.09.2024,"91,1127"
10.09.2024,"90,3853"
07.09.2024,"89,8225"
06.09.2024,"89,7044"
05.09.2024,"88,9288"
04.09.2024,"88,6118"
03.09.2024,"90,0013"
31.08.2024,"91,1868"
30.08.2024,"91,4548"
29.08.2024,"91,4449"
28.08.2024,"91,4807"
27.08.2024,"91,7745"
24.08.2024,"91,6012"
23.08.2024,"91,2881"
22.08.2024,"91,6862"
21.08.2024,"90,6944"
20.08.2024,"89,5428"
17.08.2024,"88,9062"
16.08.2024,"88,7960"
15.08.2024,"90,0055"
14.08.2024,"92,6592"
13.08.2024,"89,9475"
10.08.2024,"87,9920"
09.08.2024,"86,5621"
08.08.2024,"85,9543"
07.08.2024,"85,1646"
06.08.2024,"84,9471"
03.08.2024,"85,7024"
02.08.2024,"85,7833"
01.08.2024,"86,1091"
31.07.2024,"86,3300"
30.07.2024,"86,5554"
27.07.2024,"85,5650"
26.07.2024,"85,4100"
25.07.2024,"86,5502"
24.07.2024,"87,2990"
23.07.2024,"87,7805"
20.07.2024,"88,0206"
19.07.2024,"87,8754"
18.07.2024,"88,0872"
17.07.2024,"88,2824"
16.07.2024,"87,8077"
13.07.2024,"87,7427"
12.07.2024,"87,9880"
11.07.2024,"87,8551"
10.07.2024,"88,0031"
09.07.2024,"88,1688"
06.07.2024,"88,1348"
05.07.2024,"88,1205"
04.07.2024,"87,9506"
03.07.2024,"87,9921"
02.07.2024,"87,2972"
29.06.2024,"85,7480"
28.06.2024,"84,9640"
27.06.2024,"87,8064"
26.06.2024,"87,2770"
25.06.2024,"87,3730"
22.06.2024,"87,9595"
21.06.2024,"85,4176"
20.06.2024,"82,6282"
19.06.2024,"87,0354"
18.06.2024,"89,0499"
15.06.2024,"89,0658"
14.06.2024,"88,2080"
12.06.2024,"89,0214"
11.06.2024,"88,9944"
08.06.2024,"88,7606"
07.06.2024,"88,7604"
06.06.2024,"88,7436"
05.06.2024,"88,7574"
04.06.2024,"89,3755"
01.06.2024,"90,1915"
31.05.2024,"89,7869"
30.05.2024,"89,2589"
29.05.2024,"88,4375"
28.05.2024,"88,6852"
25.05.2024,"89,7026"
24.05.2024,"90,2486"
23.05.2024,"90,1887"
22.05.2024,"90,4082"
21.05.2024,"90,6537"
18.05.2024,"90,9873"
17.05.2024,"90,9239"
16.05.2024,"91,2573"
15.05.2024,"91,3591"
14.05.2024,"91,6330"
09.05.2024,"91,8239"
08.05.2024,"91,1231"
07.05.2024,"91,3124"
04.05.2024,"91,6918"
03.05.2024,"92,0538"
28.04.2024,"91,7791"
27.04.2024,"92,0134"
26.04.2024,"92,1314"
25.04.2024,"92,5058"
24.04.2024,"93,2918"
23.04.2024,"93,2519"
20.04.2024,"93,4409"
19.04.2024,"94,0922"
18.04.2024,"94,3242"
17.04.2024,"94,0742"
16.04.2024,"93,5891"
13.04.2024,"93,4419"
12.04.2024,"93,7196"
11.04.2024,"93,2198"
10.04.2024,"92,7463"
09.04.2024,"92,5810"
06.04.2024,"92,4155"
05.04.2024,"92,3058"
04.04.2024,"92,3892"
03.04.2024,"92,5254"
02.04.2024,"92,2914"
30.03.2024,"92,3660"
29.03.2024,"92,2628"
28.03.2024,"92,5919"
27.03.2024,"92,5745"
26.03.2024,"92,7761"
23.03.2024,"92,6118"
22.03.2024,"91,9499"
21.03.2024,"92,6861"
20.03.2024,"92,2243"
19.03.2024,"91,9829"
16.03.2024,"91,8700"
15.03.2024,"91,6359"
14.03.2024,"91,5449"
13.03.2024,"90,8818"
12.03.2024,"90,6252"
08.03.2024,"90,7493"
07.03.2024,"90,3412"
06.03.2024,"91,1604"
05.03.2024,"91,3534"
02.03.2024,"91,3336"
01.03.2024,"90,8423"
29.02.2024,"91,8692"
28.02.2024,"92,0425"
27.02.2024,"92,6321"
23.02.2024,"92,7519"
22.02.2024,"92,4387"
21.02.2024,"92,3490"
20.02.2024,"92,4102"
17.02.2024,"92,5492"
16.02.2024,"91,8237"
15.02.2024,"91,4316"
14.02.2024,"91,2057"
13.02.2024,"91,0758"
10.02.2024,"90,8901"
09.02.2024,"91,2561"
08.02.2024,"91,1514"
07.02.2024,"90,6842"
06.02.2024,"91,2434"
03.02.2024,"90,6626"
02.02.2024,"90,2299"
01.02.2024,"89,6678"
31.01.2024,"89,2887"
30.01.2024,"89,6090"
27.01.2024,"89,5159"
26.01.2024,"88,6562"
25.01.2024,"88,2829"
24.01.2024,"87,9199"
23.01.2024,"87,9724"
20.01.2024,"88,5896"
19.01.2024,"88,6610"
18.01.2024,"88,3540"
17.01.2024,"87,6457"
16.01.2024,"87,6772"
13.01.2024,"88,1324"
12.01.2024,"88,7818"
11.01.2024,"89,3939"
10.01.2024,"90,4040"
30.12.2023,"89,6883"
29.12.2023,"90,3041"
28.12.2023,"91,7051"
27.12.2023,"91,7069"
26.12.2023,"91,9690"
23.12.2023,"91,9389"
22.12.2023,"91,7062"
21.12.2023,"90,4056"
20.12.2023,"90,0870"
19.12.2023,"90,4162"
16.12.2023,"89,6966"
15.12.2023,"89,6741"
14.12.2023,"89,8926"
13.12.2023,"90,2158"
12.12.2023,"90,9846"
09.12.2023,"91,6402"
08.12.2023,"92,5654"
07.12.2023,"92,7826"
06.12.2023,"91,5823"
05.12.2023,"90,6728"
02.12.2023,"89,7619"
01.12.2023,"88,5819"
30.11.2023,"88,8841"
29.11.2023,"88,6102"
28.11.2023,"88,7045"
25.11.2023,"88,8133"
24.11.2023,"88,1206"
23.11.2023,"88,1648"
22.11.2023,"87,8701"
21.11.2023,"88,4954"
18.11.2023,"89,1237"
17.11.2023,"88,9466"
16.11.2023,"89,4565"
15.11.2023,"91,2570"
14.11.2023,"92,1185"
11.11.2023,"92,0535"
10.11.2023,"91,9266"
09.11.2023,"92,1973"
08.11.2023,"92,4151"
04.11.2023,"93,0351"
03.11.2023,"93,1730"
02.11.2023,"93,2801"
01.11.2023,"92,0226"
31.10.2023,"93,2435"
28.10.2023,"93,2174"
27.10.2023,"93,5616"
26.10.2023,"93,1507"
25.10.2023,"93,5224"
24.10.2023,"94,7081"
21.10.2023,"95,9053"
20.10.2023,"97,3074"
19.10.2023,"97,3724"
18.10.2023,"97,3458"
17.10.2023,"97,2865"
14.10.2023,"97,3075"
13.10.2023,"96,9948"
12.10.2023,"99,9808"
11.10.2023,"99,9349"
10.10.2023,"101,3598"
07.10.2023,"100,4911"
06.10.2023,"99,6762"
05.10.2023,"99,4555"
04.10.2023,"99,2677"
03.10.2023,"98,4785"
30.09.2023,"97,4147"
29.09.2023,"97,0018"
28.09.2023,"96,5000"
27.09.2023,"96,2378"
26.09.2023,"96,1456"
23.09.2023,"96,0419"
22.09.2023,"96,0762"
21.09.2023,"96,6172"
20.09.2023,"96,2236"
19.09.2023,"96,6472"
16.09.2023,"96,6338"
15.09.2023,"96,1609"
14.09.2023,"95,9794"
13.09.2023,"94,7035"
12.09.2023,"96,5083"
09.09.2023,"97,9241"
08.09.2023,"98,1961"
07.09.2023,"97,8439"
06.09.2023,"97,5383"
05.09.2023,"96,6199"
02.09.2023,"96,3411"
01.09.2023,"96,3344"
31.08.2023,"95,9283"
30.08.2023,"95,7070"
29.08.2023,"95,4717"
26.08.2023,"94,7117"
25.08.2023,"94,4007"
24.08.2023,"94,4421"
23.08.2023,"94,1185"
22.08.2023,"94,1424"
19.08.2023,"93,4047"
18.08.2023,"93,7460"
17.08.2023,"96,7045"
16.08.2023,"97,4217"
15.08.2023,"101,0399"
12.08.2023,"98,2066"
11.08.2023,"97,2794"
10.08.2023,"97,3999"
09.08.2023,"96,0755"
08.08.2023,"96,5668"
05.08.2023,"94,8076"
04.08.2023,"93,7792"
03.08.2023,"92,8410"
02.08.2023,"91,7755"
01.08.2023,"91,5923"
29.07.2023,"90,9783"
28.07.2023,"90,0225"
27.07.2023,"90,0468"
26.07.2023,"90,0945"
25.07.2023,"90,4890"
22.07.2023,"90,3846"
21.07.2023,"90,8545"
20.07.2023,"91,2046"
19.07.2023,"90,6906"
18.07.2023,"90,4217"
15.07.2023,"90,1190"
14.07.2023,"90,1757"
13.07.2023,"90,6253"
12.07.2023,"90,5045"
11.07.2023,"91,4931"
08.07.2023,"91,6879"
07.07.2023,"92,5695"
06.07.2023,"90,3380"
05.07.2023,"89,5450"
04.07.2023,"89,3255"
01.07.2023,"88,3844"
30.06.2023,"87,0341"
29.06.2023,"85,6192"
28.06.2023,"85,0504"
27.06.2023,"84,6642"
24.06.2023,"84,0793"
23.06.2023,"83,6077"
22.06.2023,"84,2467"
21.06.2023,"84,2336"
20.06.2023,"83,9866"
17.06.2023,"83,6498"
16.06.2023,"83,9611"
15.06.2023,"84,3249"
14.06.2023,"83,6405"
10.06.2023,"82,6417"
09.06.2023,"82,0930"
08.06.2023,"81,4581"
07.06.2023,"81,2502"
06.06.2023,"81,3294"
03.06.2023,"80,8756"
02.06.2023,"80,9657"
01.06.2023,"80,9942"
31.05.2023,"80,6872"
30.05.2023,"80,0555"
27.05.2023,"79,9667"
26.05.2023,"79,9841"
25.05.2023,"79,9669"
24.05.2023,"80,1665"
23.05.2023,"79,9379"
20.05.2023,"79,9093"
19.05.2023,"80,0366"
18.05.2023,"80,7642"
17.05.2023,"79,9798"
16.05.2023,"79,1004"
13.05.2023,"77,2041"
12.05.2023,"75,8846"
11.05.2023,"76,6929"
06.05.2023,"76,8207"
05.05.2023,"78,6139"
04.05.2023,"79,3071"
03.05.2023,"79,9609"
29.04.2023,"80,5093"
28.04.2023,"81,5601"
27.04.2023,"81,6274"
26.04.2023,"81,5499"
25.04.2023,"81,2745"
22.04.2023,"81,4863"
21.04.2023,"81,6188"
20.04.2023,"81,6549"
19.04.2023,"81,6028"
18.04.2023,"81,6279"
15.04.2023,"81,5045"
14.04.2023,"81,6758"
13.04.2023,"82,0934"
12.04.2023,"82,1799"
11.04.2023,"81,7441"
08.04.2023,"82,3988"
07.04.2023,"80,6713"
06.04.2023,"79,4961"
05.04.2023,"79,3563"
04.04.2023,"77,9510"
01.04.2023,"77,3233"
31.03.2023,"77,0863"
30.03.2023,"76,9781"
29.03.2023,"76,5939"
28.03.2023,"76,5662"
25.03.2023,"76,4479"
24.03.2023,"76,3072"
23.03.2023,"76,9561"
22.03.2023,"76,8373"
21.03.2023,"77,2422"
18.03.2023,"76,6044"
17.03.2023,"76,4095"
16.03.2023,"75,7457"
15.03.2023,"75,1927"
14.03.2023,"75,4609"
11.03.2023,"75,9406"
10.03.2023,"75,9028"
08.03.2023,"75,4577"
07.03.2023,"75,4728"
04.03.2023,"75,4592"
03.03.2023,"75,4729"
02.03.2023,"75,2513"
01.03.2023,"74,8932"
28.02.2023,"75,4323"
23.02.2023,"74,7087"
22.02.2023,"74,8596"
21.02.2023,"74,0432"
18.02.2023,"74,7588"
17.02.2023,"74,7638"
16.02.2023,"74,2077"
15.02.2023,"73,8645"
14.02.2023,"73,6307"
11.02.2023,"72,7923"
10.02.2023,"72,8949"
09.02.2023,"71,5763"
08.02.2023,"70,8924"
07.02.2023,"70,5991"
04.02.2023,"70,3847"
03.02.2023,"70,0414"
02.02.2023,"70,1217"
01.02.2023,"70,5174"
31.01.2023,"69,5927"
28.01.2023,"69,3372"
27.01.2023,"69,1263"
26.01.2023,"68,9573"
25.01.2023,"68,7529"
24.01.2023,"68,6288"
21.01.2023,"68,6656"
20.01.2023,"68,8467"
19.01.2023,"68,8728"
18.01.2023,"68,6644"
17.01.2023,"68,2892"
14.01.2023,"67,5744"
13.01.2023,"67,7775"
12.01.2023,"69,0202"
11.01.2023,"69,6094"
10.01.2023,"70,3002"
31.12.2022,"70,3375"
30.12.2022,"71,9778"
29.12.2022,"71,3261"
28.12.2022,"69,9346"
27.12.2022,"68,4487"
24.12.2022,"68,6760"
23.12.2022,"72,1306"
22.12.2022,"70,5256"
21.12.2022,"69,0037"
20.12.2022,"66,3474"
17.12.2022,"64,6078"
16.12.2022,"64,3015"
15.12.2022,"63,3590"
14.12.2022,"63,2120"
13.12.2022,"62,7674"
10.12.2022,"62,3813"
09.12.2022,"62,5722"
08.12.2022,"62,9372"
07.12.2022,"62,9103"
06.12.2022,"62,1849"
03.12.2022,"61,7749"
02.12.2022,"61,1479"
01.12.2022,"60,8803"
30.11.2022,"61,0742"
29.11.2022,"60,7520"
26.11.2022,"60,4797"
25.11.2022,"60,3866"
24.11.2022,"60,5043"
23.11.2022,"60,6566"
22.11.2022,"60,7379"
19.11.2022,"60,3741"
18.11.2022,"60,3894"
17.11.2022,"60,3484"
16.11.2022,"60,3116"
15.11.2022,"60,3982"
12.11.2022,"60,2179"
11.11.2022,"61,2434"
10.11.2022,"61,0611"
09.11.2022,"60,9774"
08.11.2022,"61,2367"
04.11.2022,"62,0955"
03.11.2022,"61,6175"
02.11.2022,"61,4275"
01.11.2022,"61,6229"
29.10.2022,"61,5343"
28.10.2022,"61,3589"
27.10.2022,"61,4277"
26.10.2022,"61,3326"
25.10.2022,"61,1629"
22.10.2022,"61,1958"
21.10.2022,"61,5018"
20.10.2022,"61,5905"
19.10.2022,"61,7032"
18.10.2022,"61,7634"
15.10.2022,"63,0558"
14.10.2022,"63,4917"
13.10.2022,"63,7559"
12.10.2022,"63,6840"
11.10.2022,"62,3126"
08.10.2022,"61,2475"
07.10.2022,"60,2534"
06.10.2022,"59,4043"
05.10.2022,"58,7913"
04.10.2022,"57,5664"
01.10.2022,"55,2987"
30.09.2022,"57,4130"
29.09.2022,"58,4485"
28.09.2022,"58,1756"
27.09.2022,"57,9990"
24.09.2022,"58,1006"
23.09.2022,"59,8318"
22.09.2022,"60,8685"
21.09.2022,"60,0158"
20.09.2022,"60,1662"
17.09.2022,"60,0316"
16.09.2022,"59,6663"
15.09.2022,"59,7751"
14.09.2022,"60,0676"
13.09.2022,"60,4568"
10.09.2022,"60,4696"
09.09.2022,"60,8010"
08.09.2022,"61,1814"
07.09.2022,"60,8544"
06.09.2022,"60,9033"
03.09.2022,"60,3713"
02.09.2022,"60,2370"
01.09.2022,"60,2386"
31.08.2022,"60,3677"
30.08.2022,"60,3636"
27.08.2022,"60,0924"
26.08.2022,"59,7699"
25.08.2022,"59,9974"
24.08.2022,"59,8963"
23.08.2022,"59,7419"
20.08.2022,"59,1321"
19.08.2022,"59,9570"
18.08.2022,"60,7552"
17.08.2022,"61,4247"
16.08.2022,"61,3747"
13.08.2022,"60,8993"
12.08.2022,"60,6229"
11.08.2022,"60,4542"
10.08.2022,"60,3814"
09.08.2022,"60,3164"
06.08.2022,"60,3696"
05.08.2022,"60,2580"
04.08.2022,"60,2374"
03.08.2022,"60,1595"
02.08.2022,"62,0506"
30.07.2022,"61,3101"
29.07.2022,"60,2031"
28.07.2022,"60,2198"
27.07.2022,"58,6605"
26.07.2022,"57,7821"
23.07.2022,"57,3917"
22.07.2022,"56,4783"
21.07.2022,"54,8491"
20.07.2022,"55,4370"
19.07.2022,"56,5616"
16.07.2022,"57,8323"
15.07.2022,"58,2568"
14.07.2022,"58,5322"
13.07.2022,"58,8541"
12.07.2022,"61,3045"
09.07.2022,"61,2664"
08.07.2022,"63,1427"
07.07.2022,"62,9110"
06.07.2022,"58,5118"
05.07.2022,"55,0858"
02.07.2022,"53,7676"
01.07.2022,"52,5123"
30.06.2022,"51,1580"
29.06.2022,"52,9699"
28.06.2022,"53,3641"
25.06.2022,"53,3234"
24.06.2022,"53,3578"
23.06.2022,"53,2788"
22.06.2022,"54,7081"
21.06.2022,"56,1727"
18.06.2022,"56,7101"
17.06.2022,"56,8691"
16.06.2022,"56,6624"
15.06.2022,"57,0926"
11.06.2022,"57,7780"
10.06.2022,"58,3895"
09.06.2022,"60,2282"
08.06.2022,"60,9565"
07.06.2022,"61,1094"
04.06.2022,"61,9659"
03.06.2022,"61,5750"
02.06.2022,"61,4733"
01.06.2022,"61,6069"
31.05.2022,"63,0975"
28.05.2022,"66,4029"
27.05.2022,"62,0495"
26.05.2022,"56,2996"
25.05.2022,"56,9690"
24.05.2022,"58,2087"
21.05.2022,"58,8862"
20.05.2022,"62,4031"
19.05.2022,"63,5643"
18.05.2022,"63,5428"
17.05.2022,"63,4445"
14.05.2022,"63,7799"
13.05.2022,"65,7916"
12.05.2022,"68,8389"
07.05.2022,"67,3843"
06.05.2022,"66,2378"
05.05.2022,"69,4160"
30.04.2022,"71,0237"
29.04.2022,"72,2953"
28.04.2022,"72,8764"
27.04.2022,"72,7089"
26.04.2022,"73,3611"
23.04.2022,"73,5050"
22.04.2022,"74,9990"
21.04.2022,"77,0809"
20.04.2022,"79,0287"
19.04.2022,"79,4529"
16.04.2022,"80,0437"
15.04.2022,"81,2880"
14.04.2022,"79,8471"
13.04.2022,"79,6274"
12.04.2022,"79,1596"
09.04.2022,"74,8501"
08.04.2022,"76,2547"
07.04.2022,"82,5962"
06.04.2022,"83,3520"
05.04.2022,"83,5932"
02.04.2022,"83,4285"
01.04.2022,"83,4097"
31.03.2022,"84,0851"
30.03.2022,"86,2843"
29.03.2022,"93,7125"
26.03.2022,"95,6618"
25.03.2022,"96,0458"
24.03.2022,"103,1618"
23.03.2022,"104,0741"
22.03.2022,"104,6819"
19.03.2022,"103,9524"
18.03.2022,"104,8012"
17.03.2022,"108,0521"
16.03.2022,"111,4823"
15.03.2022,"115,1963"
12.03.2022,"116,7517"
11.03.2022,"120,3785"
10.03.2022,"116,0847"
06.03.2022,"105,8124"
05.03.2022,"105,8124"
04.03.2022,"111,7564"
03.03.2022,"103,2487"
02.03.2022,"91,7457"
01.03.2022,"93,5589"
26.02.2022,"83,5485"
25.02.2022,"86,9288"
23.02.2022,"80,4194"
22.02.2022,"76,7671"
19.02.2022,"75,7619"
18.02.2022,"75,7527"
17.02.2022,"75,0141"
16.02.2022,"76,1660"
15.02.2022,"76,5762"
12.02.2022,"74,9867"
11.02.2022,"74,7241"
10.02.2022,"74,8015"
09.02.2022,"75,3042"
08.02.2022,"75,6806"
05.02.2022,"76,0509"
04.02.2022,"76,6501"
03.02.2022,"76,4849"
02.02.2022,"77,1302"
01.02.2022,"77,4702"
29.01.2022,"77,8174"
28.01.2022,"78,9470"
27.01.2022,"78,9437"
26.01.2022,"78,6422"
25.01.2022,"77,3649"
22.01.2022,"76,6903"
21.01.2022,"76,4408"
20.01.2022,"76,8697"
19.01.2022,"76,3347"
18.01.2022,"76,0404"
15.01.2022,"75,7668"
14.01.2022,"74,5686"
13.01.2022,"74,5277"
12.01.2022,"74,8355"
11.01.2022,"75,1315"
31.12.2021,"74,2926"
30.12.2021,"73,6514"
29.12.2021,"73,4959"
28.12.2021,"73,2329"
25.12.2021,"73,1886"
24.12.2021,"73,3583"
23.12.2021,"73,7901"
22.12.2021,"73,8206"
21.12.2021,"74,2947"
18.12.2021,"73,7330"
17.12.2021,"73,5708"
16.12.2021,"73,8510"
15.12.2021,"73,4698"
14.12.2021,"73,4107"
11.12.2021,"73,6059"
10.12.2021,"73,5998"
09.12.2021,"73,8453"
08.12.2021,"74,1399"
07.12.2021,"73,6694"
04.12.2021,"73,7426"
03.12.2021,"74,0637"
02.12.2021,"73,9746"
01.12.2021,"74,8926"
30.11.2021,"74,9818"
27.11.2021,"75,5873"
26.11.2021,"74,6004"
25.11.2021,"74,3726"
24.11.2021,"74,8327"
23.11.2021,"73,4506"
20.11.2021,"72,7617"
19.11.2021,"72,6022"
18.11.2021,"72,8228"
17.11.2021,"72,5553"
16.11.2021,"72,2724"
13.11.2021,"71,8118"
12.11.2021,"71,1964"
11.11.2021,"70,6950"
10.11.2021,"71,2866"
09.11.2021,"71,3975"
04.11.2021,"71,4876"
03.11.2021,"71,4783"
02.11.2021,"71,0863"
30.10.2021,"70,5200"
29.10.2021,"70,5207"
28.10.2021,"69,8104"
27.10.2021,"69,5526"
26.10.2021,"70,1345"
23.10.2021,"70,8623"
22.10.2021,"70,9904"
21.10.2021,"71,0555"
20.10.2021,"70,9674"
19.10.2021,"71,1714"
16.10.2021,"71,2371"
15.10.2021,"71,7846"
14.10.2021,"71,8577"
13.10.2021,"71,8801"
12.10.2021,"71,6373"
09.10.2021,"71,9882"
08.10.2021,"72,2854"
07.10.2021,"72,5682"
06.10.2021,"72,5686"
05.10.2021,"72,9239"
02.10.2021,"72,9215"
01.10.2021,"72,6642"
30.09.2021,"72,7608"
29.09.2021,"72,5083"
28.09.2021,"72,6613"
25.09.2021,"73,0081"
24.09.2021,"72,7245"
23.09.2021,"72,8806"
22.09.2021,"73,2067"
21.09.2021,"73,3315"
18.09.2021,"72,5602"
17.09.2021,"72,4329"
16.09.2021,"72,8520"
15.09.2021,"72,7171"
14.09.2021,"73,0841"
11.09.2021,"72,7600"
10.09.2021,"73,1290"
09.09.2021,"73,4421"
08.09.2021,"73,1909"
07.09.2021,"72,9538"
04.09.2021,"72,8545"
03.09.2021,"72,8491"
02.09.2021,"73,1912"
01.09.2021,"73,2781"
31.08.2021,"73,5744"
28.08.2021,"73,9866"
27.08.2021,"73,9908"
26.08.2021,"73,7428"
25.08.2021,"73,9465"
24.08.2021,"74,0666"
21.08.2021,"74,3640"
20.08.2021,"74,1503"
19.08.2021,"73,4633"
18.08.2021,"73,4753"
17.08.2021,"73,3920"
14.08.2021,"73,4721"
13.08.2021,"73,5671"
12.08.2021,"73,9695"
11.08.2021,"73,5962"
10.08.2021,"73,5078"
07.08.2021,"73,1304"
06.08.2021,"73,1680"
05.08.2021,"72,7857"
04.08.2021,"72,8724"
03.08.2021,"73,0156"
31.07.2021,"73,1388"
30.07.2021,"73,1904"
29.07.2021,"73,6088"
28.07.2021,"73,8471"
27.07.2021,"74,0980"
24.07.2021,"73,7663"
23.07.2021,"73,6945"
22.07.2021,"74,4947"
21.07.2021,"74,4910"
20.07.2021,"74,3463"
17.07.2021,"74,1656"
16.07.2021,"74,2197"
15.07.2021,"74,1236"
14.07.2021,"74,0589"
13.07.2021,"74,6336"
10.07.2021,"74,4675"
09.07.2021,"75,1952"
08.07.2021,"74,0580"
07.07.2021,"73,2660"
06.07.2021,"73,3540"
03.07.2021,"73,6175"
02.07.2021,"72,9086"
01.07.2021,"72,7234"
30.06.2021,"72,3723"
29.06.2021,"72,1777"
26.06.2021,"72,1694"
25.06.2021,"72,3260"
24.06.2021,"72,6671"
23.06.2021,"73,1661"
22.06.2021,"73,1987"
19.06.2021,"72,2216"
18.06.2021,"72,5048"
17.06.2021,"72,0323"
16.06.2021,"71,8318"
12.06.2021,"71,6797"
11.06.2021,"72,1974"
10.06.2021,"72,0829"
09.06.2021,"72,8256"
08.06.2021,"72,9294"
05.06.2021,"73,2721"
04.06.2021,"73,2636"
03.06.2021,"73,4979"
02.06.2021,"73,2411"
01.06.2021,"73,2965"
29.05.2021,"73,5870"
28.05.2021,"73,4580"
27.05.2021,"73,4737"
26.05.2021,"73,3963"
25.05.2021,"73,5266"
22.05.2021,"73,5803"
21.05.2021,"73,6007"
20.05.2021,"73,6778"
19.05.2021,"73,6992"
18.05.2021,"73,8537"
15.05.2021,"73,9968"
14.05.2021,"74,3566"
13.05.2021,"74,0400"
12.05.2021,"74,1567"
08.05.2021,"74,1373"
07.05.2021,"74,5770"
06.05.2021,"74,8617"
05.05.2021,"75,2567"
01.05.2021,"74,8451"
30.04.2021,"74,3823"
29.04.2021,"74,9390"
28.04.2021,"74,9578"
27.04.2021,"74,7680"
24.04.2021,"75,0893"
23.04.2021,"76,4217"
22.04.2021,"76,8198"
21.04.2021,"76,0155"
20.04.2021,"76,2491"
17.04.2021,"75,5535"
16.04.2021,"76,9808"
15.04.2021,"75,6826"
14.04.2021,"77,2535"
13.04.2021,"77,5104"
10.04.2021,"77,1657"
09.04.2021,"77,1011"
08.04.2021,"77,7730"
07.04.2021,"76,3802"
06.04.2021,"76,6052"
03.04.2021,"76,0734"
02.04.2021,"75,8073"
01.04.2021,"75,6373"
31.03.2021,"75,7023"
30.03.2021,"75,8287"
27.03.2021,"75,7576"
26.03.2021,"76,1741"
25.03.2021,"76,1535"
24.03.2021,"75,3585"
23.03.2021,"74,6085"
20.03.2021,"74,1390"
19.03.2021,"73,6582"
18.03.2021,"73,1019"
17.03.2021,"72,9619"
16.03.2021,"73,2317"
13.03.2021,"73,5081"
12.03.2021,"73,4996"
11.03.2021,"74,0393"
10.03.2021,"74,2640"
06.03.2021,"74,4275"
05.03.2021,"73,7864"
04.03.2021,"73,5187"
03.03.2021,"74,5755"
02.03.2021,"74,0448"
27.02.2021,"74,4373"
26.02.2021,"73,4747"
25.02.2021,"73,7532"
21.02.2021,"73,9833"
20.02.2021,"73,9717"
19.02.2021,"73,7755"
18.02.2021,"73,7669"
17.02.2021,"73,2895"
16.02.2021,"73,3092"
13.02.2021,"73,9378"
12.02.2021,"73,7579"
11.02.2021,"73,8526"
10.02.2021,"74,1192"
09.02.2021,"74,2602"
06.02.2021,"75,1107"
05.02.2021,"75,7293"
04.02.2021,"76,0801"
03.02.2021,"75,9051"
02.02.2021,"75,5053"
30.01.2021,"76,2527"
29.01.2021,"76,1854"
28.01.2021,"75,0400"
27.01.2021,"75,6354"
26.01.2021,"74,8569"
23.01.2021,"74,3615"
22.01.2021,"73,3694"
21.01.2021,"73,3550"
20.01.2021,"73,7243"
19.01.2021,"73,9735"
16.01.2021,"73,5453"
15.01.2021,"73,7961"
14.01.2021,"73,5264"
13.01.2021,"74,2663"
12.01.2021,"74,5157"
01.01.2021,"73,8757"
31.12.2020,"73,8757"
30.12.2020,"73,6567"
29.12.2020,"73,7175"
26.12.2020,"73,6921"
25.12.2020,"74,8392"
24.12.2020,"75,4571"
23.12.2020,"75,3498"
22.12.2020,"74,6721"
19.12.2020,"73,3155"
18.12.2020,"72,9781"
17.12.2020,"73,4201"
16.12.2020,"73,4453"
15.12.2020,"72,9272"
12.12.2020,"73,1195"
11.12.2020,"73,7124"
10.12.2020,"73,3057"
09.12.2020,"73,6618"
08.12.2020,"74,2506"
05.12.2020,"74,2529"
04.12.2020,"75,1996"
03.12.2020,"75,6151"
02.12.2020,"76,3203"
01.12.2020,"76,1999"
28.11.2020,"75,8599"
27.11.2020,"75,4518"
26.11.2020,"75,4727"
25.11.2020,"75,8146"
24.11.2020,"75,7600"
21.11.2020,"76,0120"
20.11.2020,"76,2627"
19.11.2020,"75,9268"
18.11.2020,"76,2530"
17.11.2020,"76,9197"
14.11.2020,"77,3262"
13.11.2020,"77,1148"
12.11.2020,"76,2075"
11.11.2020,"76,3978"
10.11.2020,"76,9515"
07.11.2020,"77,1875"
06.11.2020,"78,4559"
04.11.2020,"80,0006"
03.11.2020,"80,5749"
31.10.2020,"79,3323"
30.10.2020,"78,8699"
29.10.2020,"77,5520"
28.10.2020,"76,4556"
27.10.2020,"76,4443"
24.10.2020,"76,4667"
23.10.2020,"77,0809"
22.10.2020,"77,0322"
21.10.2020,"77,7780"
20.10.2020,"77,9241"
17.10.2020,"77,9644"
16.10.2020,"77,9461"
15.10.2020,"77,2759"
14.10.2020,"77,2855"
13.10.2020,"77,0239"
10.10.2020,"77,0284"
09.10.2020,"77,9157"
08.10.2020,"78,0921"
07.10.2020,"78,5119"
06.10.2020,"78,1281"
03.10.2020,"78,0915"
02.10.2020,"77,2774"
01.10.2020,"78,7847"
30.09.2020,"79,6845"
29.09.2020,"78,6713"
26.09.2020,"76,8195"
25.09.2020,"77,1780"
24.09.2020,"76,3545"
23.09.2020,"76,2711"
22.09.2020,"76,0381"
19.09.2020,"75,0319"
18.09.2020,"75,1941"
17.09.2020,"74,9278"
16.09.2020,"75,1884"
15.09.2020,"74,7148"
12.09.2020,"74,8896"
11.09.2020,"75,5274"
10.09.2020,"76,0713"
09.09.2020,"75,9645"
08.09.2020,"75,5910"
05.09.2020,"75,1823"
04.09.2020,"75,4680"
03.09.2020,"73,8588"
02.09.2020,"73,5849"
01.09.2020,"73,8039"
29.08.2020,"74,6382"
28.08.2020,"75,2354"
27.08.2020,"75,5379"
26.08.2020,"74,5126"
25.08.2020,"74,4184"
22.08.2020,"74,0999"
21.08.2020,"73,7711"
20.08.2020,"73,2392"
19.08.2020,"73,4321"
18.08.2020,"72,9676"
15.08.2020,"73,2157"
14.08.2020,"73,6067"
13.08.2020,"73,2351"
12.08.2020,"73,1522"
11.08.2020,"73,7750"
08.08.2020,"73,6376"
07.08.2020,"73,0397"
06.08.2020,"73,2806"
05.08.2020,"73,3806"
04.08.2020,"74,1586"
01.08.2020,"73,4261"
31.07.2020,"73,3633"
30.07.2020,"72,2348"
29.07.2020,"71,9196"
28.07.2020,"71,5850"
25.07.2020,"71,5974"
24.07.2020,"70,9630"
23.07.2020,"70,7881"
22.07.2020,"70,9668"
21.07.2020,"71,9628"
18.07.2020,"71,7139"
17.07.2020,"71,2310"
16.07.2020,"70,7998"
15.07.2020,"71,1275"
14.07.2020,"70,7479"
11.07.2020,"71,2298"
10.07.2020,"70,8800"
09.07.2020,"71,2379"
08.07.2020,"72,1719"
07.07.2020,"71,3409"
04.07.2020,"70,4999"
03.07.2020,"70,5198"
02.07.2020,"70,4413"
01.07.2020,"70,4413"
30.06.2020,"69,9513"
27.06.2020,"69,1284"
26.06.2020,"69,4660"
25.06.2020,"68,8376"
24.06.2020,"68,8376"
23.06.2020,"69,4835"
20.06.2020,"69,5725"
19.06.2020,"69,6180"
18.06.2020,"69,4822"
17.06.2020,"69,7524"
16.06.2020,"70,3950"
12.06.2020,"69,1219"
11.06.2020,"68,6183"
10.06.2020,"68,6745"
09.06.2020,"68,3123"
06.06.2020,"68,6319"
05.06.2020,"69,0151"
04.06.2020,"68,3413"
03.06.2020,"68,9831"
02.06.2020,"69,7114"
30.05.2020,"70,7520"
29.05.2020,"71,1012"
28.05.2020,"71,0635"
27.05.2020,"71,1408"
26.05.2020,"71,5962"
23.05.2020,"71,8804"
22.05.2020,"70,9240"
21.05.2020,"72,3381"
20.05.2020,"72,3918"
19.05.2020,"72,9798"
16.05.2020,"73,2056"
15.05.2020,"73,9298"
14.05.2020,"73,5819"
13.05.2020,"73,4326"
09.05.2020,"73,8725"
08.05.2020,"74,1169"
07.05.2020,"73,9719"
01.05.2020,"72,7263"
30.04.2020,"73,6894"
29.04.2020,"74,5706"
28.04.2020,"74,4960"
25.04.2020,"74,7163"
24.04.2020,"75,1290"
23.04.2020,"77,0416"
22.04.2020,"76,2562"
21.04.2020,"74,6657"
18.04.2020,"73,9441"
17.04.2020,"74,7119"
16.04.2020,"73,7145"
15.04.2020,"73,3150"
14.04.2020,"73,5245"
11.04.2020,"73,7515"
10.04.2020,"74,6050"
09.04.2020,"75,7499"
08.04.2020,"75,4550"
07.04.2020,"76,4074"
28.03.2020,"77,7325"
27.03.2020,"78,7223"
26.03.2020,"77,7928"
25.03.2020,"78,8493"
24.03.2020,"80,8815"
21.03.2020,"78,0443"
20.03.2020,"80,1570"
19.03.2020,"77,2131"
18.03.2020,"73,8896"
17.03.2020,"74,1262"
14.03.2020,"73,1882"
13.03.2020,"74,0274"
12.03.2020,"71,4720"
11.03.2020,"72,0208"
07.03.2020,"67,5175"
06.03.2020,"66,1854"
05.03.2020,"66,0784"
04.03.2020,"66,4437"
03.03.2020,"66,3274"
29.02.2020,"66,9909"
28.02.2020,"65,6097"
27.02.2020,"65,5177"
26.02.2020,"64,9213"
22.02.2020,"64,3008"
21.02.2020,"63,7413"
20.02.2020,"63,6873"
19.02.2020,"63,7698"
18.02.2020,"63,3085"
15.02.2020,"63,4536"
14.02.2020,"63,6016"
13.02.2020,"63,0470"
12.02.2020,"63,9490"
11.02.2020,"63,7708"
08.02.2020,"63,4720"
07.02.2020,"62,7977"
06.02.2020,"63,1742"
05.02.2020,"63,4342"
04.02.2020,"63,9091"
01.02.2020,"63,1385"
31.01.2020,"63,0359"
30.01.2020,"62,3934"
29.01.2020,"62,8299"
28.01.2020,"62,3380"
25.01.2020,"61,8031"
24.01.2020,"61,9515"
23.01.2020,"61,8343"
22.01.2020,"61,8552"
21.01.2020,"61,4654"
18.01.2020,"61,5333"
17.01.2020,"61,5694"
16.01.2020,"61,4328"
15.01.2020,"61,4140"
14.01.2020,"60,9474"
11.01.2020,"61,2632"
10.01.2020,"61,2340"
01.01.2020,"61,9057"
31.12.2019,"61,9057"
28.12.2019,"62,0315"
27.12.2019,"61,7676"
26.12.2019,"61,7164"
25.12.2019,"62,1673"
24.12.2019,"62,2499"
21.12.2019,"62,4071"
20.12.2019,"62,5283"
19.12.2019,"62,5831"
18.12.2019,"62,5326"
17.12.2019,"62,7686"
14.12.2019,"62,5544"
13.12.2019,"63,2257"
12.12.2019,"63,5653"
11.12.2019,"63,5788"
10.12.2019,"63,7244"
07.12.2019,"63,7185"
06.12.2019,"63,8135"
05.12.2019,"64,1948"
04.12.2019,"64,1401"
03.12.2019,"64,4097"
30.11.2019,"64,0817"
29.11.2019,"64,1005"
28.11.2019,"63,9722"
27.11.2019,"64,0239"
26.11.2019,"63,7637"
23.11.2019,"63,7101"
22.11.2019,"63,8430"
21.11.2019,"64,0213"
20.11.2019,"63,7730"
19.11.2019,"63,7542"
16.11.2019,"63,8881"
15.11.2019,"64,2101"
14.11.2019,"64,2009"
13.11.2019,"63,8530"
12.11.2019,"63,9121"
09.11.2019,"63,7295"
08.11.2019,"63,7298"
07.11.2019,"63,5880"
06.11.2019,"63,2480"
02.11.2019,"64,0316"
01.11.2019,"63,7748"
31.10.2019,"63,8734"
30.10.2019,"63,8320"
29.10.2019,"63,8700"
26.10.2019,"63,9966"
25.10.2019,"63,8600"
24.10.2019,"63,7997"
23.10.2019,"63,6336"
22.10.2019,"63,7606"
19.10.2019,"63,9542"
18.10.2019,"64,0144"
17.10.2019,"64,3455"
16.10.2019,"64,2548"
15.10.2019,"64,3652"
12.10.2019,"64,2237"
11.10.2019,"64,7416"
10.10.2019,"65,0976"
09.10.2019,"64,8672"
08.10.2019,"64,8259"
05.10.2019,"65,0300"
04.10.2019,"65,1312"
03.10.2019,"65,4399"
02.10.2019,"65,0670"
01.10.2019,"64,6407"
28.09.2019,"64,4156"
27.09.2019,"64,2888"
26.09.2019,"64,1873"
25.09.2019,"63,7060"
24.09.2019,"63,9453"
21.09.2019,"63,8487"
20.09.2019,"64,2199"
19.09.2019,"64,4290"
18.09.2019,"64,1213"
17.09.2019,"63,8272"
14.09.2019,"64,4711"
13.09.2019,"65,1909"
12.09.2019,"65,4321"
11.09.2019,"65,4393"
10.09.2019,"65,5698"
07.09.2019,"65,9981"
06.09.2019,"66,0528"
05.09.2019,"66,5002"
04.09.2019,"66,9072"
03.09.2019,"66,6235"
31.08.2019,"66,4897"
30.08.2019,"66,7471"
29.08.2019,"66,4127"
28.08.2019,"66,2608"
27.08.2019,"65,9735"
24.08.2019,"65,6046"
23.08.2019,"65,6196"
22.08.2019,"66,2630"
21.08.2019,"66,7840"
20.08.2019,"66,6082"
17.08.2019,"65,9961"
16.08.2019,"65,8907"
15.08.2019,"65,2032"
14.08.2019,"65,6017"
13.08.2019,"65,4287"
10.08.2019,"65,2543"
09.08.2019,"65,1299"
08.08.2019,"65,0932"
07.08.2019,"65,2030"
06.08.2019,"65,0546"
03.08.2019,"64,6423"
02.08.2019,"63,8340"
01.08.2019,"63,4172"
31.07.2019,"63,3791"
30.07.2019,"63,5210"
27.07.2019,"63,1271"
26.07.2019,"63,1572"
25.07.2019,"63,1162"
24.07.2019,"63,1290"
23.07.2019,"62,9776"
20.07.2019,"62,8666"
19.07.2019,"62,8286"
18.07.2019,"62,9451"
17.07.2019,"62,8129"
16.07.2019,"62,8280"
13.07.2019,"63,0204"
12.07.2019,"62,9944"
11.07.2019,"63,7988"
10.07.2019,"63,7660"
09.07.2019,"63,8699"
06.07.2019,"63,5841"
05.07.2019,"63,4013"
04.07.2019,"63,4951"
03.07.2019,"63,2265"
02.07.2019,"63,0541"
29.06.2019,"63,0756"
28.06.2019,"63,0452"
27.06.2019,"62,8083"
26.06.2019,"62,5229"
25.06.2019,"62,9095"
22.06.2019,"63,1295"
21.06.2019,"63,3877"
20.06.2019,"63,9794"
19.06.2019,"64,3352"
18.06.2019,"64,3187"
15.06.2019,"64,4326"
14.06.2019,"64,6314"
12.06.2019,"64,5158"
11.06.2019,"64,7919"
08.06.2019,"65,0395"
07.06.2019,"65,2340"
06.06.2019,"65,1243"
05.06.2019,"65,1614"
04.06.2019,"65,5547"
01.06.2019,"65,3834"
31.05.2019,"65,0583"
30.05.2019,"64,9084"
29.05.2019,"64,5394"
28.05.2019,"64,4636"
25.05.2019,"64,6106"
24.05.2019,"64,4913"
23.05.2019,"64,4156"
22.05.2019,"64,5372"
21.05.2019,"64,4888"
18.05.2019,"64,6327"
17.05.2019,"64,5598"
16.05.2019,"64,8489"
15.05.2019,"65,3001"
14.05.2019,"65,4703"
09.05.2019,"65,2287"
08.05.2019,"65,2166"
07.05.2019,"65,3350"
01.05.2019,"64,6314"
30.04.2019,"64,6917"
27.04.2019,"64,7053"
26.04.2019,"64,6794"
25.04.2019,"63,9798"
24.04.2019,"63,7906"
23.04.2019,"63,7860"
20.04.2019,"63,9602"
19.04.2019,"64,0688"
18.04.2019,"63,9450"
17.04.2019,"64,2422"
16.04.2019,"64,2469"
13.04.2019,"64,5171"
12.04.2019,"64,3991"
11.04.2019,"64,7373"
10.04.2019,"64,7766"
09.04.2019,"65,3498"
06.04.2019,"65,4072"
05.04.2019,"65,3281"
04.04.2019,"65,1639"
03.04.2019,"65,4726"
02.04.2019,"65,4176"
30.03.2019,"64,7347"
29.03.2019,"64,8012"
28.03.2019,"64,5925"
27.03.2019,"64,1683"
26.03.2019,"64,4993"
23.03.2019,"63,7705"
22.03.2019,"63,7420"
21.03.2019,"64,2803"
20.03.2019,"64,3167"
19.03.2019,"64,6694"
16.03.2019,"65,4201"
15.03.2019,"65,4021"
14.03.2019,"65,5890"
13.03.2019,"65,7674"
12.03.2019,"66,0763"
08.03.2019,"65,9646"
07.03.2019,"65,8430"
06.03.2019,"65,8004"
05.03.2019,"65,7956"
02.03.2019,"65,8145"
01.03.2019,"65,8895"
28.02.2019,"65,7570"
27.02.2019,"65,6182"
26.02.2019,"65,2582"
23.02.2019,"65,5149"
22.02.2019,"65,5401"
21.02.2019,"65,8568"
20.02.2019,"66,2022"
19.02.2019,"66,2470"
16.02.2019,"66,7044"
15.02.2019,"66,5429"
14.02.2019,"65,6783"
13.02.2019,"65,7147"
12.02.2019,"65,6517"
09.02.2019,"66,0628"
08.02.2019,"66,0199"
07.02.2019,"65,6686"
06.02.2019,"65,5691"
05.02.2019,"65,5859"
02.02.2019,"65,6601"
01.02.2019,"65,3577"
31.01.2019,"66,0987"
30.01.2019,"66,3412"
29.01.2019,"65,9300"
26.01.2019,"65,9170"
25.01.2019,"66,0016"
24.01.2019,"66,3318"
23.01.2019,"66,5499"
22.01.2019,"66,3634"
19.01.2019,"66,3309"
18.01.2019,"66,4438"
17.01.2019,"66,7617"
16.01.2019,"67,0820"
15.01.2019,"67,1920"
12.01.2019,"66,9167"
11.01.2019,"66,8605"
10.01.2019,"67,0795"
30.12.2018,"69,4706"
29.12.2018,"69,5218"
28.12.2018,"68,8762"
27.12.2018,"68,8865"
26.12.2018,"68,7448"
25.12.2018,"68,4073"
22.12.2018,"68,0085"
21.12.2018,"67,3710"
20.12.2018,"67,1121"
19.12.2018,"66,7454"
18.12.2018,"66,6208"
15.12.2018,"66,4337"
14.12.2018,"66,2550"
13.12.2018,"66,4225"
12.12.2018,"66,5022"
11.12.2018,"66,2416"
08.12.2018,"66,9227"
07.12.2018,"66,7377"
06.12.2018,"66,8242"
05.12.2018,"66,4467"
04.12.2018,"66,2921"
01.12.2018,"66,5335"
30.11.2018,"66,6342"
29.11.2018,"66,9436"
28.11.2018,"66,7800"
27.11.2018,"66,5072"
24.11.2018,"65,6664"
23.11.2018,"65,6067"
22.11.2018,"65,9485"
21.11.2018,"65,5871"
20.11.2018,"66,0081"
17.11.2018,"65,9931"
16.11.2018,"66,6159"
15.11.2018,"67,9975"
14.11.2018,"67,6812"
13.11.2018,"67,5238"
10.11.2018,"66,8497"
09.11.2018,"66,2155"
08.11.2018,"66,0918"
07.11.2018,"65,9912"
03.11.2018,"65,5799"
02.11.2018,"65,6517"
01.11.2018,"65,5962"
31.10.2018,"65,7742"
30.10.2018,"65,8129"
27.10.2018,"65,6345"
26.10.2018,"65,7476"
25.10.2018,"65,6299"
24.10.2018,"65,3101"
23.10.2018,"65,3065"
20.10.2018,"65,8140"
19.10.2018,"65,7238"
18.10.2018,"65,4026"
17.10.2018,"65,5305"
16.10.2018,"65,7508"
13.10.2018,"65,9751"
12.10.2018,"66,7727"
11.10.2018,"66,1832"
10.10.2018,"66,4032"
09.10.2018,"66,9685"
06.10.2018,"66,6270"
05.10.2018,"66,2115"
04.10.2018,"65,4244"
03.10.2018,"65,2221"
02.10.2018,"65,5745"
29.09.2018,"65,5906"
28.09.2018,"65,8355"
27.09.2018,"65,7585"
26.09.2018,"65,8244"
25.09.2018,"66,1594"
22.09.2018,"66,2497"
21.09.2018,"66,4725"
20.09.2018,"67,0098"
19.09.2018,"67,7519"
18.09.2018,"68,1958"
15.09.2018,"68,2826"
14.09.2018,"68,6370"
13.09.2018,"69,5728"
12.09.2018,"69,9744"
11.09.2018,"69,8685"
08.09.2018,"69,0286"
07.09.2018,"68,2505"
06.09.2018,"68,4628"
05.09.2018,"68,2737"
04.09.2018,"67,7443"
01.09.2018,"68,0447"
31.08.2018,"68,0821"
30.08.2018,"68,1451"
29.08.2018,"67,3911"
28.08.2018,"67,3963"
25.08.2018,"67,7911"
24.08.2018,"68,5259"
23.08.2018,"67,6163"
22.08.2018,"67,1783"
21.08.2018,"67,1807"
18.08.2018,"66,8757"
17.08.2018,"66,8932"
16.08.2018,"66,3772"
15.08.2018,"66,7535"
14.08.2018,"68,2234"
11.08.2018,"66,9075"
10.08.2018,"66,2856"
09.08.2018,"63,5950"
08.08.2018,"63,5425"
07.08.2018,"63,4975"
04.08.2018,"63,4549"
03.08.2018,"63,1358"
02.08.2018,"62,5590"
01.08.2018,"62,3497"
31.07.2018,"62,7805"
28.07.2018,"62,9726"
27.07.2018,"62,9471"
26.07.2018,"63,0836"
25.07.2018,"62,9235"
24.07.2018,"63,1957"
21.07.2018,"63,4888"
20.07.2018,"63,2746"
19.07.2018,"62,9006"
18.07.2018,"62,4352"
17.07.2018,"62,2556"
14.07.2018,"62,2934"
13.07.2018,"62,2062"
12.07.2018,"62,0980"
11.07.2018,"62,4442"
10.07.2018,"62,8338"
07.07.2018,"63,1216"
06.07.2018,"63,2604"
05.07.2018,"63,2267"
04.07.2018,"63,2194"
03.07.2018,"63,1394"
30.06.2018,"62,7565"
29.06.2018,"63,2910"
28.06.2018,"63,1359"
27.06.2018,"62,7908"
26.06.2018,"62,9497"
23.06.2018,"63,2396"
22.06.2018,"63,7873"
21.06.2018,"63,6175"
20.06.2018,"64,0683"
19.06.2018,"63,4838"
16.06.2018,"62,6851"
15.06.2018,"62,2511"
14.06.2018,"63,1164"
10.06.2018,"62,3431"
09.06.2018,"62,6680"
08.06.2018,"61,8125"
07.06.2018,"62,0064"
06.06.2018,"61,9822"
05.06.2018,"61,9290"
02.06.2018,"62,2056"
01.06.2018,"62,0188"
31.05.2018,"62,5937"
30.05.2018,"62,6420"
29.05.2018,"62,2710"
26.05.2018,"61,6659"
25.05.2018,"61,4090"
24.05.2018,"61,5945"
23.05.2018,"61,2610"
22.05.2018,"62,5327"
19.05.2018,"61,9408"
18.05.2018,"61,8215"
17.05.2018,"62,3033"
16.05.2018,"61,9164"
15.05.2018,"61,7684"
12.05.2018,"61,7354"
11.05.2018,"62,5229"
09.05.2018,"63,0066"
08.05.2018,"62,7148"
05.05.2018,"63,2012"
04.05.2018,"63,4860"
29.04.2018,"61,9997"
28.04.2018,"62,7260"
27.04.2018,"62,6027"
26.04.2018,"61,7494"
25.04.2018,"61,6644"
24.04.2018,"61,7655"
21.04.2018,"61,3222"
20.04.2018,"60,8583"
19.04.2018,"61,5539"
18.04.2018,"61,1454"
17.04.2018,"62,2794"
14.04.2018,"61,4311"
13.04.2018,"62,0659"
12.04.2018,"64,0626"
11.04.2018,"62,3699"
10.04.2018,"58,5714"
07.04.2018,"57,8332"
06.04.2018,"57,5796"
05.04.2018,"57,7646"
04.04.2018,"57,5375"
03.04.2018,"57,2850"
31.03.2018,"57,2649"
30.03.2018,"57,7626"
29.03.2018,"57,5598"
28.03.2018,"57,1747"
27.03.2018,"57,0039"
24.03.2018,"57,1072"
23.03.2018,"56,8391"
22.03.2018,"57,4954"
21.03.2018,"57,7033"
20.03.2018,"57,5521"
17.03.2018,"57,4942"
16.03.2018,"57,0188"
15.03.2018,"56,9372"
14.03.2018,"56,9359"
13.03.2018,"56,6122"
08.03.2018,"56,8011"
07.03.2018,"56,5041"
06.03.2018,"57,1000"
03.03.2018,"56,6616"
02.03.2018,"56,4334"
01.03.2018,"56,3742"
28.02.2018,"55,6717"
27.02.2018,"55,9208"
23.02.2018,"56,7608"
22.02.2018,"56,6537"
21.02.2018,"56,5201"
20.02.2018,"56,3438"
17.02.2018,"56,3554"
16.02.2018,"56,5918"
15.02.2018,"57,5899"
14.02.2018,"57,7701"
13.02.2018,"58,0171"
10.02.2018,"58,1718"
09.02.2018,"57,6736"
08.02.2018,"56,9533"
07.02.2018,"57,2196"
06.02.2018,"56,6278"
03.02.2018,"56,0408"
02.02.2018,"56,2613"
01.02.2018,"56,1840"
31.01.2018,"56,2914"
30.01.2018,"56,2908"
27.01.2018,"55,8288"
26.01.2018,"55,9288"
25.01.2018,"56,3888"
24.01.2018,"56,4115"
23.01.2018,"56,6261"
20.01.2018,"56,5892"
19.01.2018,"56,7597"
18.01.2018,"56,5925"
17.01.2018,"56,3878"
16.01.2018,"56,3569"
13.01.2018,"56,6019"
12.01.2018,"56,9957"
11.01.2018,"56,8734"
10.01.2018,"57,0463"
30.12.2017,"57,6002"
29.12.2017,"57,6291"
28.12.2017,"57,4544"
27.12.2017,"57,7343"
26.12.2017,"58,1989"
23.12.2017,"58,3152"
22.12.2017,"58,5596"
21.12.2017,"58,7170"
20.12.2017,"58,6117"
19.12.2017,"58,6940"
16.12.2017,"58,8987"
15.12.2017,"58,7082"
14.12.2017,"59,1446"
13.12.2017,"58,8370"
12.12.2017,"59,2348"
09.12.2017,"59,2811"
08.12.2017,"59,2948"
07.12.2017,"58,9281"
06.12.2017,"58,6924"
05.12.2017,"58,9911"
02.12.2017,"58,5182"
01.12.2017,"58,5814"
30.11.2017,"58,3311"
29.11.2017,"58,4125"
28.11.2017,"58,2773"
25.11.2017,"58,5318"
24.11.2017,"58,4622"
23.11.2017,"59,0061"
22.11.2017,"59,4604"
21.11.2017,"59,2746"
18.11.2017,"59,6325"
17.11.2017,"59,9898"
16.11.2017,"60,2490"
15.11.2017,"59,6207"
14.11.2017,"59,1823"
11.11.2017,"59,2808"
10.11.2017,"59,2527"
09.11.2017,"59,2480"
08.11.2017,"58,4557"
04.11.2017,"58,4296"
03.11.2017,"58,0869"
02.11.2017,"58,1557"
01.11.2017,"58,1179"
31.10.2017,"57,8716"
28.10.2017,"58,0833"
27.10.2017,"57,7643"
26.10.2017,"57,6140"
25.10.2017,"57,5852"
24.10.2017,"57,4706"
21.10.2017,"57,5118"
20.10.2017,"57,5706"
19.10.2017,"57,2721"
18.10.2017,"57,3392"
17.10.2017,"57,0861"
14.10.2017,"57,6196"
13.10.2017,"57,6869"
12.10.2017,"57,9210"
11.10.2017,"58,0713"
10.10.2017,"58,3151"
07.10.2017,"57,7612"
06.10.2017,"57,5811"
05.10.2017,"57,7832"
04.10.2017,"57,9375"
03.10.2017,"57,8134"
30.09.2017,"58,0169"
29.09.2017,"58,4255"
28.09.2017,"58,0102"
27.09.2017,"57,5186"
26.09.2017,"57,5660"
23.09.2017,"57,6527"
22.09.2017,"58,2242"
21.09.2017,"58,1290"
20.09.2017,"58,0993"
19.09.2017,"57,6242"
16.09.2017,"57,5336"
15.09.2017,"57,7706"
14.09.2017,"57,6679"
13.09.2017,"57,2656"
12.09.2017,"57,1694"
09.09.2017,"56,9966"
08.09.2017,"57,1411"
07.09.2017,"57,3387"
06.09.2017,"57,8503"
05.09.2017,"57,7817"
02.09.2017,"58,0557"
01.09.2017,"58,5454"
31.08.2017,"58,7306"
30.08.2017,"58,5320"
29.08.2017,"58,5469"
26.08.2017,"59,1476"
25.08.2017,"59,1397"
24.08.2017,"59,1312"
23.08.2017,"59,0396"
22.08.2017,"59,1409"
19.08.2017,"59,3612"
18.08.2017,"59,2490"
17.08.2017,"59,6521"
16.08.2017,"59,9266"
15.08.2017,"59,7990"
12.08.2017,"60,1873"
11.08.2017,"59,9298"
10.08.2017,"59,9611"
09.08.2017,"59,9886"
08.08.2017,"60,0605"
05.08.2017,"60,3281"
04.08.2017,"60,7503"
03.08.2017,"60,5819"
02.08.2017,"59,8454"
01.08.2017,"60,0633"
29.07.2017,"59,5436"
28.07.2017,"59,4102"
27.07.2017,"59,9102"
26.07.2017,"59,8185"
25.07.2017,"59,6572"
22.07.2017,"58,9325"
21.07.2017,"59,0823"
20.07.2017,"59,2418"
19.07.2017,"59,3705"
18.07.2017,"59,0657"
15.07.2017,"59,8806"
14.07.2017,"60,1836"
13.07.2017,"60,6227"
12.07.2017,"60,7397"
11.07.2017,"60,3014"
08.07.2017,"60,3792"
07.07.2017,"60,2426"
06.07.2017,"59,5787"
05.07.2017,"59,2295"
04.07.2017,"58,9695"
01.07.2017,"59,3862"
30.06.2017,"59,0855"
29.06.2017,"59,5415"
28.06.2017,"58,8843"
27.06.2017,"59,0014"
24.06.2017,"59,6564"
23.06.2017,"60,1482"
22.06.2017,"60,0000"
21.06.2017,"58,5786"
20.06.2017,"57,9585"
17.06.2017,"57,7408"
16.06.2017,"57,4437"
15.06.2017,"57,0303"
14.06.2017,"56,9096"
10.06.2017,"57,0020"
09.06.2017,"56,9857"
08.06.2017,"56,5878"
07.06.2017,"56,6747"
06.06.2017,"56,6152"
03.06.2017,"56,6876"
02.06.2017,"56,5373"
01.06.2017,"56,6876"
31.05.2017,"56,5168"
30.05.2017,"56,7106"
27.05.2017,"56,7560"
26.05.2017,"56,0701"
25.05.2017,"56,2743"
24.05.2017,"56,5552"
23.05.2017,"56,4988"
20.05.2017,"57,1602"
19.05.2017,"57,4683"
18.05.2017,"56,7383"
17.05.2017,"56,2603"
16.05.2017,"56,5258"
13.05.2017,"57,1640"
12.05.2017,"57,1161"
11.05.2017,"58,0824"
06.05.2017,"58,5382"
05.05.2017,"57,5714"
04.05.2017,"57,0927"
03.05.2017,"56,9518"
29.04.2017,"56,9838"
28.04.2017,"56,9707"
27.04.2017,"56,3131"
26.04.2017,"55,8453"
25.04.2017,"56,0794"
22.04.2017,"56,2307"
21.04.2017,"56,4165"
20.04.2017,"56,1753"
19.04.2017,"55,9793"
18.04.2017,"56,2505"
15.04.2017,"56,2945"
14.04.2017,"56,6019"
13.04.2017,"56,7556"
12.04.2017,"56,9552"
11.04.2017,"57,3896"
08.04.2017,"56,9201"
07.04.2017,"56,4369"
06.04.2017,"55,8940"
05.04.2017,"56,5553"
04.04.2017,"56,1396"
01.04.2017,"55,9606"
31.03.2017,"56,3779"
30.03.2017,"57,0241"
29.03.2017,"56,9364"
28.03.2017,"57,0233"
25.03.2017,"57,4247"
24.03.2017,"57,5228"
23.03.2017,"57,6360"
22.03.2017,"57,2323"
21.03.2017,"57,2847"
18.03.2017,"57,9344"
17.03.2017,"58,2437"
16.03.2017,"59,1128"
15.03.2017,"58,9540"
14.03.2017,"59,1327"
11.03.2017,"59,2174"
10.03.2017,"58,8318"
08.03.2017,"58,2630"
07.03.2017,"58,3370"
04.03.2017,"58,9099"
03.03.2017,"58,4067"
02.03.2017,"58,3776"
01.03.2017,"57,9627"
28.02.2017,"57,9371"
23.02.2017,"57,4762"
22.02.2017,"57,8590"
21.02.2017,"58,0967"
18.02.2017,"57,6342"
17.02.2017,"57,1507"
16.02.2017,"56,7719"
15.02.2017,"57,7388"
14.02.2017,"58,0619"
11.02.2017,"58,8457"
10.02.2017,"59,0235"
09.02.2017,"59,5129"
08.02.2017,"59,1933"
07.02.2017,"58,7121"
04.02.2017,"59,3137"
03.02.2017,"59,9858"
02.02.2017,"60,3099"
01.02.2017,"60,0851"
31.01.2017,"60,1618"
28.01.2017,"60,3196"
27.01.2017,"59,6356"
26.01.2017,"59,1489"
25.01.2017,"59,2168"
24.01.2017,"59,5034"
21.01.2017,"59,6697"
20.01.2017,"59,3521"
19.01.2017,"59,1830"
18.01.2017,"59,4015"
17.01.2017,"59,6067"
14.01.2017,"59,3700"
13.01.2017,"59,4978"
12.01.2017,"60,1614"
11.01.2017,"59,9533"
10.01.2017,"59,8961"
31.12.2016,"60,6569"
30.12.2016,"60,2730"
29.12.2016,"60,6669"
28.12.2016,"60,8587"
27.12.2016,"60,9084"
24.12.2016,"60,8528"
23.12.2016,"60,8641"
22.12.2016,"61,1092"
21.12.2016,"61,7967"
20.12.2016,"61,7931"
17.12.2016,"61,7515"
16.12.2016,"61,6368"
15.12.2016,"60,8079"
14.12.2016,"61,0690"
13.12.2016,"61,5804"
10.12.2016,"63,3028"
09.12.2016,"63,3901"
08.12.2016,"63,9114"
07.12.2016,"63,8741"
06.12.2016,"63,9242"
03.12.2016,"64,1528"
02.12.2016,"63,6807"
01.12.2016,"65,2382"
30.11.2016,"64,9449"
29.11.2016,"64,9153"
26.11.2016,"64,6174"
25.11.2016,"64,6279"
24.11.2016,"64,0087"
23.11.2016,"63,6282"
22.11.2016,"64,3580"
19.11.2016,"65,1023"
18.11.2016,"64,9154"
17.11.2016,"64,5463"
16.11.2016,"65,5548"
15.11.2016,"65,8591"
12.11.2016,"65,2167"
11.11.2016,"63,4161"
10.11.2016,"63,8928"
09.11.2016,"63,7364"
08.11.2016,"63,9074"
04.11.2016,"63,5043"
03.11.2016,"63,4166"
02.11.2016,"63,2025"
01.11.2016,"63,2174"
29.10.2016,"62,9037"
28.10.2016,"63,0399"
27.10.2016,"62,2597"
26.10.2016,"62,0480"
25.10.2016,"62,2349"
22.10.2016,"62,4499"
21.10.2016,"62,4194"
20.10.2016,"62,5841"
19.10.2016,"62,8900"
18.10.2016,"63,1510"
15.10.2016,"62,9934"
14.10.2016,"63,3465"
13.10.2016,"62,5892"
12.10.2016,"62,1946"
11.10.2016,"62,3884"
08.10.2016,"62,3031"
07.10.2016,"62,3900"
06.10.2016,"62,4583"
05.10.2016,"62,4323"
04.10.2016,"62,5477"
01.10.2016,"63,3960"
30.09.2016,"63,1581"
29.09.2016,"63,9509"
28.09.2016,"63,6921"
27.09.2016,"64,1506"
24.09.2016,"63,8642"
23.09.2016,"63,7942"
22.09.2016,"64,4424"
21.09.2016,"64,7513"
20.09.2016,"64,9173"
17.09.2016,"64,9940"
16.09.2016,"65,2170"
15.09.2016,"64,9737"
14.09.2016,"64,8102"
13.09.2016,"65,0539"
10.09.2016,"64,1617"
09.09.2016,"63,9730"
08.09.2016,"64,3804"
07.09.2016,"64,8306"
06.09.2016,"64,7644"
03.09.2016,"65,8684"
02.09.2016,"65,2566"
01.09.2016,"65,2535"
31.08.2016,"64,9072"
30.08.2016,"65,0810"
27.08.2016,"64,7380"
26.08.2016,"64,9459"
25.08.2016,"64,8140"
24.08.2016,"64,7684"
23.08.2016,"64,2078"
20.08.2016,"63,9391"
19.08.2016,"63,5487"
18.08.2016,"63,9943"
17.08.2016,"63,9514"
16.08.2016,"64,2076"
13.08.2016,"64,3364"
12.08.2016,"64,9497"
11.08.2016,"64,8137"
10.08.2016,"64,7848"
09.08.2016,"65,0799"
06.08.2016,"65,5627"
05.08.2016,"66,3941"
04.08.2016,"66,7420"
03.08.2016,"66,8816"
02.08.2016,"65,9553"
30.07.2016,"67,0512"
29.07.2016,"66,1125"
28.07.2016,"65,9467"
27.07.2016,"65,7408"
26.07.2016,"64,9184"
23.07.2016,"64,6270"
22.07.2016,"63,7373"
21.07.2016,"63,4183"
20.07.2016,"62,9891"
19.07.2016,"63,1154"
16.07.2016,"63,1697"
15.07.2016,"63,5773"
14.07.2016,"63,8531"
13.07.2016,"63,9029"
12.07.2016,"64,2024"
09.07.2016,"64,2488"
08.07.2016,"64,0500"
07.07.2016,"64,6304"
06.07.2016,"64,2676"
05.07.2016,"63,6844"
02.07.2016,"64,0165"
01.07.2016,"64,1755"
30.06.2016,"64,2575"
29.06.2016,"64,8095"
28.06.2016,"65,0588"
25.06.2016,"65,5287"
24.06.2016,"64,3212"
23.06.2016,"63,7162"
22.06.2016,"64,1743"
21.06.2016,"64,1509"
18.06.2016,"65,4398"
17.06.2016,"65,8618"
16.06.2016,"65,9156"
15.06.2016,"66,0306"
11.06.2016,"64,7077"
10.06.2016,"63,7402"
09.06.2016,"64,6797"
08.06.2016,"65,2089"
07.06.2016,"65,7894"
04.06.2016,"66,8529"
03.06.2016,"66,7491"
02.06.2016,"66,6156"
01.06.2016,"65,9962"
31.05.2016,"66,0825"
28.05.2016,"66,0413"
27.05.2016,"65,2062"
26.05.2016,"65,8949"
25.05.2016,"67,0493"
24.05.2016,"67,0475"
21.05.2016,"66,3775"
20.05.2016,"66,2110"
19.05.2016,"65,0641"
18.05.2016,"64,5138"
17.05.2016,"64,8895"
14.05.2016,"64,9306"
13.05.2016,"64,9607"
12.05.2016,"66,2428"
11.05.2016,"66,3277"
07.05.2016,"66,1928"
06.05.2016,"65,8918"
05.05.2016,"66,1718"
30.04.2016,"64,3334"
29.04.2016,"65,1133"
28.04.2016,"65,1618"
27.04.2016,"66,4559"
26.04.2016,"66,6295"
23.04.2016,"66,2198"
22.04.2016,"65,0254"
21.04.2016,"66,0364"
20.04.2016,"65,6474"
19.04.2016,"68,2724"
16.04.2016,"66,0452"
15.04.2016,"66,4954"
14.04.2016,"65,7662"
13.04.2016,"66,3456"
12.04.2016,"67,1250"
09.04.2016,"67,4662"
08.04.2016,"67,7960"
07.04.2016,"68,5215"
06.04.2016,"68,8901"
05.04.2016,"68,6753"
02.04.2016,"67,1410"
01.04.2016,"67,8552"
31.03.2016,"67,6076"
30.03.2016,"68,7549"
29.03.2016,"67,7807"
26.03.2016,"68,4346"
25.03.2016,"68,9328"
24.03.2016,"67,6409"
23.03.2016,"67,7764"
22.03.2016,"68,8086"
19.03.2016,"68,4026"
18.03.2016,"68,5598"
17.03.2016,"71,0256"
16.03.2016,"70,5408"
15.03.2016,"70,1542"
12.03.2016,"70,3067"
11.03.2016,"71,0928"
10.03.2016,"72,3775"
05.03.2016,"73,1854"
04.03.2016,"73,8242"
03.03.2016,"73,6256"
02.03.2016,"74,0536"
01.03.2016,"75,8994"
27.02.2016,"75,0903"
26.02.2016,"76,3929"
25.02.2016,"76,3928"
21.02.2016,"77,1326"
20.02.2016,"76,3657"
19.02.2016,"75,4575"
18.02.2016,"77,8503"
17.02.2016,"76,2450"
16.02.2016,"77,7792"
13.02.2016,"79,4951"
12.02.2016,"79,1144"
11.02.2016,"79,0689"
10.02.2016,"78,6805"
09.02.2016,"76,8614"
06.02.2016,"77,3409"
05.02.2016,"76,4609"
04.02.2016,"79,2593"
03.02.2016,"77,9273"
02.02.2016,"76,3264"
30.01.2016,"75,1723"
29.01.2016,"77,3674"
28.01.2016,"78,9969"
27.01.2016,"81,8394"
26.01.2016,"77,7965"
23.01.2016,"80,5714"
22.01.2016,"83,5913"
21.01.2016,"79,4614"
20.01.2016,"78,4862"
19.01.2016,"78,6678"
16.01.2016,"76,5650"
15.01.2016,"76,5230"
14.01.2016,"76,4275"
13.01.2016,"76,6041"
12.01.2016,"75,9507"
01.01.2016,"72,9299"
31.12.2015,"72,8827"
30.12.2015,"72,5066"
29.12.2015,"70,7865"
26.12.2015,"70,2690"
25.12.2015,"69,5165"
24.12.2015,"70,9333"
23.12.2015,"71,1211"
22.12.2015,"71,2553"
19.12.2015,"71,3215"
18.12.2015,"70,5806"
17.12.2015,"70,4012"
16.12.2015,"70,8295"
15.12.2015,"70,2244"
12.12.2015,"69,1755"
11.12.2015,"69,2151"
10.12.2015,"69,2000"
09.12.2015,"69,3026"
08.12.2015,"68,5156"
05.12.2015,"67,6698"
04.12.2015,"67,7691"
03.12.2015,"66,7402"
02.12.2015,"66,2584"
01.12.2015,"66,7370"
28.11.2015,"66,2393"
27.11.2015,"65,6836"
26.11.2015,"65,4789"
25.11.2015,"65,6210"
24.11.2015,"65,5973"
21.11.2015,"64,8673"
20.11.2015,"64,9120"
19.11.2015,"64,7785"
18.11.2015,"65,4799"
17.11.2015,"66,4607"
14.11.2015,"66,6343"
13.11.2015,"65,4541"
12.11.2015,"64,5693"
11.11.2015,"64,3908"
10.11.2015,"64,6606"
07.11.2015,"63,6832"
06.11.2015,"63,3991"
04.11.2015,"63,8525"
03.11.2015,"63,7993"
31.10.2015,"64,3742"
30.10.2015,"64,1686"
29.10.2015,"65,3159"
28.10.2015,"63,5004"
27.10.2015,"62,5038"
24.10.2015,"61,9286"
23.10.2015,"62,7888"
22.10.2015,"62,6309"
21.10.2015,"62,1620"
20.10.2015,"61,4419"
17.10.2015,"61,3587"
16.10.2015,"62,2433"
15.10.2015,"63,1248"
14.10.2015,"62,2237"
13.10.2015,"61,1535"
10.10.2015,"61,2967"
09.10.2015,"62,2942"
08.10.2015,"62,7061"
07.10.2015,"65,0962"
06.10.2015,"65,6248"
03.10.2015,"65,9414"
02.10.2015,"65,0336"
01.10.2015,"65,7364"
30.09.2015,"66,2367"
29.09.2015,"65,5470"
26.09.2015,"65,6727"
25.09.2015,"66,5151"
24.09.2015,"66,0410"
23.09.2015,"66,1747"
22.09.2015,"66,1455"
19.09.2015,"65,6445"
18.09.2015,"65,3623"
17.09.2015,"65,9273"
16.09.2015,"67,1574"
15.09.2015,"67,9571"
12.09.2015,"68,0093"
11.09.2015,"68,4961"
10.09.2015,"67,6219"
09.09.2015,"68,7932"
08.09.2015,"68,4864"
05.09.2015,"67,6850"
04.09.2015,"67,0102"
03.09.2015,"66,6756"
02.09.2015,"65,3495"
01.09.2015,"66,7152"
29.08.2015,"66,4779"
28.08.2015,"67,4473"
27.08.2015,"69,3142"
26.08.2015,"69,9461"
25.08.2015,"70,7465"
22.08.2015,"68,1216"
21.08.2015,"66,9608"
20.08.2015,"65,7222"
19.08.2015,"65,8289"
18.08.2015,"65,5034"
15.08.2015,"64,9363"
14.08.2015,"63,9988"
13.08.2015,"65,0169"
12.08.2015,"63,2098"
11.08.2015,"64,4977"
08.08.2015,"63,8399"
07.08.2015,"63,8644"
06.08.2015,"62,7184"
05.08.2015,"62,9182"
04.08.2015,"62,4677"
01.08.2015,"60,3458"
31.07.2015,"58,9906"
30.07.2015,"59,7665"
29.07.2015,"60,2231"
28.07.2015,"58,7816"
25.07.2015,"58,0374"
24.07.2015,"57,3578"
23.07.2015,"57,0232"
22.07.2015,"57,0025"
21.07.2015,"56,8336"
18.07.2015,"56,8423"
17.07.2015,"56,9504"
16.07.2015,"56,6642"
15.07.2015,"56,9774"
14.07.2015,"56,6079"
11.07.2015,"56,6685"
10.07.2015,"56,9803"
09.07.2015,"57,2174"
08.07.2015,"57,2192"
07.07.2015,"56,4112"
04.07.2015,"55,6049"
03.07.2015,"55,6555"
02.07.2015,"55,4756"
01.07.2015,"55,8413"
30.06.2015,"55,5240"
27.06.2015,"54,8126"
26.06.2015,"54,6026"
25.06.2015,"54,0746"
24.06.2015,"54,2081"
23.06.2015,"53,5569"
20.06.2015,"53,8006"
19.06.2015,"53,3301"
18.06.2015,"53,8999"
17.06.2015,"54,0409"
16.06.2015,"55,2679"
12.06.2015,"54,5285"
11.06.2015,"54,8219"
10.06.2015,"55,9100"
09.06.2015,"56,0435"
06.06.2015,"56,2463"
05.06.2015,"54,9908"
04.06.2015,"53,0590"
03.06.2015,"53,4413"
02.06.2015,"52,8213"
30.05.2015,"52,9716"
29.05.2015,"52,2907"
28.05.2015,"51,0178"
27.05.2015,"50,3223"
26.05.2015,"49,8613"
23.05.2015,"49,7901"
22.05.2015,"49,9204"
21.05.2015,"49,7919"
20.05.2015,"49,1777"
19.05.2015,"49,2175"
16.05.2015,"50,0115"
15.05.2015,"50,0774"
14.05.2015,"49,5366"
13.05.2015,"50,9140"
09.05.2015,"50,7511"
08.05.2015,"50,3615"
07.05.2015,"49,9816"
06.05.2015,"51,7574"
01.05.2015,"51,1388"
30.04.2015,"51,7029"
29.04.2015,"52,3041"
28.04.2015,"51,4690"
25.04.2015,"50,2473"
24.04.2015,"51,6011"
23.04.2015,"53,6555"
22.04.2015,"53,9728"
21.04.2015,"51,5207"
18.04.2015,"50,5295"
17.04.2015,"49,6749"
16.04.2015,"50,5033"
15.04.2015,"51,9749"
14.04.2015,"52,4220"
11.04.2015,"51,0678"
10.04.2015,"52,5424"
09.04.2015,"54,0270"
08.04.2015,"55,3328"
07.04.2015,"56,5161"
04.04.2015,"56,7534"
03.04.2015,"56,9902"
02.04.2015,"58,3536"
01.04.2015,"57,6500"
31.03.2015,"58,4643"
28.03.2015,"57,7279"
27.03.2015,"56,4271"
26.03.2015,"57,3879"
25.03.2015,"58,7710"
24.03.2015,"59,4452"
21.03.2015,"60,0341"
20.03.2015,"59,8308"
19.03.2015,"61,3483"
18.03.2015,"61,7510"
17.03.2015,"62,1497"
14.03.2015,"61,3167"
13.03.2015,"60,9595"
12.03.2015,"62,6797"
11.03.2015,"60,6649"
07.03.2015,"59,9938"
06.03.2015,"61,8457"
05.03.2015,"61,8745"
04.03.2015,"62,3649"
03.03.2015,"62,2248"
28.02.2015,"61,2718"
27.02.2015,"60,7109"
26.02.2015,"62,5906"
25.02.2015,"63,5083"
21.02.2015,"61,7235"
20.02.2015,"62,1307"
19.02.2015,"62,4001"
18.02.2015,"62,8353"
17.02.2015,"62,6632"
14.02.2015,"65,0862"
13.02.2015,"66,0994"
12.02.2015,"66,0585"
11.02.2015,"65,4469"
10.02.2015,"65,7817"
07.02.2015,"66,0432"
06.02.2015,"68,6113"
05.02.2015,"65,4470"
04.02.2015,"67,7727"
03.02.2015,"69,6640"
31.01.2015,"68,9291"
30.01.2015,"68,7303"
29.01.2015,"67,1506"
28.01.2015,"67,8153"
27.01.2015,"65,5937"
24.01.2015,"63,3930"
23.01.2015,"65,4000"
22.01.2015,"65,5558"
21.01.2015,"64,9862"
20.01.2015,"64,9732"
17.01.2015,"65,1738"
16.01.2015,"64,8337"
15.01.2015,"66,0983"
14.01.2015,"64,8425"
13.01.2015,"62,7363"
01.01.2015,"56,2376"
31.12.2014,"56,2584"
30.12.2014,"56,6801"
27.12.2014,"52,0343"
26.12.2014,"52,6159"
25.12.2014,"54,4913"
24.12.2014,"54,5687"
23.12.2014,"56,4940"
20.12.2014,"60,6825"
19.12.2014,"59,6029"
18.12.2014,"67,7851"
17.12.2014,"61,1512"
16.12.2014,"58,3461"
13.12.2014,"56,8919"
12.12.2014,"54,7932"
11.12.2014,"54,2758"
10.12.2014,"54,2116"
09.12.2014,"53,3079"
06.12.2014,"53,1088"
05.12.2014,"52,6932"
04.12.2014,"54,3821"
03.12.2014,"50,7678"
02.12.2014,"51,8068"
29.11.2014,"49,3220"
28.11.2014,"47,6629"
27.11.2014,"46,4244"
26.11.2014,"44,9758"
25.11.2014,"44,7852"
22.11.2014,"45,7926"
21.11.2014,"46,7047"
20.11.2014,"47,0294"
19.11.2014,"46,9797"
18.11.2014,"47,3329"
15.11.2014,"47,3920"
14.11.2014,"46,1233"
13.11.2014,"46,3379"
12.11.2014,"45,9520"
11.11.2014,"45,8926"
08.11.2014,"47,8774"
07.11.2014,"45,1854"
06.11.2014,"44,3993"
01.11.2014,"41,9627"
31.10.2014,"43,3943"
30.10.2014,"42,6525"
29.10.2014,"42,3934"
28.10.2014,"41,9497"
25.10.2014,"41,8101"
24.10.2014,"41,4958"
23.10.2014,"40,9671"
22.10.2014,"41,0501"
21.10.2014,"40,8815"
18.10.2014,"41,0450"
17.10.2014,"40,7457"
16.10.2014,"40,9416"
15.10.2014,"40,5304"
14.10.2014,"40,3251"
11.10.2014,"40,2125"
10.10.2014,"39,9800"
09.10.2014,"39,9819"
08.10.2014,"39,7417"
07.10.2014,"39,9820"
04.10.2014,"39,6980"
03.10.2014,"39,5474"
02.10.2014,"39,6604"
01.10.2014,"39,3836"
30.09.2014,"39,3866"
27.09.2014,"38,7243"
26.09.2014,"38,3007"
25.09.2014,"38,3830"
24.09.2014,"38,6672"
23.09.2014,"38,5782"
20.09.2014,"38,4134"
19.09.2014,"38,4209"
18.09.2014,"38,3724"
17.09.2014,"38,7058"
16.09.2014,"37,9861"
13.09.2014,"37,6545"
12.09.2014,"37,3758"
11.09.2014,"37,1693"
10.09.2014,"37,0261"
09.09.2014,"37,0866"
06.09.2014,"36,9219"
05.09.2014,"36,8038"
04.09.2014,"37,3183"
03.09.2014,"37,3480"
02.09.2014,"37,2945"
30.08.2014,"36,9316"
29.08.2014,"36,3053"
28.08.2014,"36,1397"
27.08.2014,"36,1358"
26.08.2014,"36,1201"
23.08.2014,"36,0027"
22.08.2014,"36,3317"
21.08.2014,"36,2240"
20.08.2014,"36,1094"
19.08.2014,"36,0294"
16.08.2014,"36,0014"
15.08.2014,"36,0395"
14.08.2014,"36,2222"
13.08.2014,"36,0890"
12.08.2014,"36,0475"
09.08.2014,"36,4461"
08.08.2014,"36,2496"
07.08.2014,"36,1102"
06.08.2014,"35,7987"
05.08.2014,"35,6605"
02.08.2014,"35,7272"
01.08.2014,"35,4438"
31.07.2014,"35,7271"
30.07.2014,"35,6339"
29.07.2014,"35,3457"
26.07.2014,"35,0535"
25.07.2014,"35,0786"
24.07.2014,"34,8101"
23.07.2014,"35,0387"
22.07.2014,"35,0900"
19.07.2014,"35,1627"
18.07.2014,"34,7998"
17.07.2014,"34,3853"
16.07.2014,"34,3723"
15.07.2014,"34,3135"
12.07.2014,"34,0582"
11.07.2014,"33,8353"
10.07.2014,"34,0758"
09.07.2014,"34,4258"
08.07.2014,"34,5691"
05.07.2014,"34,3236"
04.07.2014,"34,1949"
03.07.2014,"34,2496"
02.07.2014,"34,2275"
01.07.2014,"33,8434"
28.06.2014,"33,6306"
27.06.2014,"33,7508"
26.06.2014,"33,9070"
25.06.2014,"33,9812"
24.06.2014,"34,2797"
21.06.2014,"34,4190"
20.06.2014,"34,3025"
19.06.2014,"34,8232"
18.06.2014,"34,8095"
17.06.2014,"34,5654"
12.06.2014,"34,3227"
11.06.2014,"34,3681"
10.06.2014,"34,3303"
07.06.2014,"34,6573"
06.06.2014,"34,9043"
05.06.2014,"35,1398"
04.06.2014,"35,0115"
03.06.2014,"34,8887"
31.05.2014,"34,7352"
30.05.2014,"34,6481"
29.05.2014,"34,4895"
28.05.2014,"34,2571"
27.05.2014,"34,0771"
24.05.2014,"34,3139"
23.05.2014,"34,2802"
22.05.2014,"34,5078"
21.05.2014,"34,6007"
20.05.2014,"34,7394"
17.05.2014,"34,7794"
16.05.2014,"34,7005"
15.05.2014,"34,7090"
14.05.2014,"34,8789"
13.05.2014,"35,2091"
09.05.2014,"35,0343"
08.05.2014,"35,4971"
07.05.2014,"35,6550"
06.05.2014,"35,8381"
01.05.2014,"35,7227"
30.04.2014,"35,6983"
29.04.2014,"36,0245"
26.04.2014,"35,9289"
25.04.2014,"35,6830"
24.04.2014,"35,6625"
23.04.2014,"35,6785"
22.04.2014,"35,6688"
19.04.2014,"35,5389"
18.04.2014,"35,9287"
17.04.2014,"36,0813"
16.04.2014,"35,9635"
15.04.2014,"35,9890"
12.04.2014,"35,6239"
11.04.2014,"35,5581"
10.04.2014,"35,7493"
09.04.2014,"35,5475"
08.04.2014,"35,4679"
05.04.2014,"35,5010"
04.04.2014,"35,5154"
03.04.2014,"35,2517"
02.04.2014,"35,0240"
01.04.2014,"35,6053"
29.03.2014,"35,6871"
28.03.2014,"35,5810"
27.03.2014,"35,4494"
26.03.2014,"35,9316"
25.03.2014,"36,1663"
22.03.2014,"36,4022"
21.03.2014,"36,1081"
20.03.2014,"36,2070"
19.03.2014,"36,4487"
18.03.2014,"36,6505"
15.03.2014,"36,6391"
14.03.2014,"36,4566"
13.03.2014,"36,4865"
12.03.2014,"36,4015"
08.03.2014,"36,2618"
07.03.2014,"36,1251"
06.03.2014,"36,0849"
05.03.2014,"36,3208"
04.03.2014,"36,3784"
01.03.2014,"36,1847"
28.02.2014,"36,0501"
27.02.2014,"35,7872"
26.02.2014,"35,5669"
25.02.2014,"35,5112"
22.02.2014,"35,6828"
21.02.2014,"35,7670"
20.02.2014,"35,5857"
19.02.2014,"35,2386"
18.02.2014,"35,0976"
15.02.2014,"35,2559"
14.02.2014,"34,8611"
13.02.2014,"34,7595"
12.02.2014,"34,7964"
11.02.2014,"34,7636"
08.02.2014,"34,6044"
07.02.2014,"34,7287"
06.02.2014,"34,9592"
05.02.2014,"35,4502"
04.02.2014,"35,2347"
01.02.2014,"35,1800"
31.01.2014,"35,2448"
30.01.2014,"34,5633"
29.01.2014,"34,6250"
28.01.2014,"34,7093"
25.01.2014,"34,2600"
24.01.2014,"34,0334"
23.01.2014,"33,8688"
22.01.2014,"33,8161"
21.01.2014,"33,6429"
18.01.2014,"33,4343"
17.01.2014,"33,4013"
16.01.2014,"33,3562"
15.01.2014,"33,2386"
14.01.2014,"33,1204"
11.01.2014,"33,2062"
10.01.2014,"33,1547"
01.01.2014,"32,6587"
31.12.2013,"32,7292"
28.12.2013,"32,6282"
27.12.2013,"32,6710"
26.12.2013,"32,6487"
25.12.2013,"32,6284"
24.12.2013,"32,9506"
21.12.2013,"32,9798"
20.12.2013,"32,9527"
19.12.2013,"32,9404"
18.12.2013,"32,8646"
17.12.2013,"32,8658"
14.12.2013,"32,8663"
13.12.2013,"32,7518"
12.12.2013,"32,7315"
11.12.2013,"32,7848"
10.12.2013,"32,7782"
07.12.2013,"32,9514"
06.12.2013,"33,1140"
05.12.2013,"33,2632"
04.12.2013,"33,2460"
03.12.2013,"33,1482"
30.11.2013,"33,1916"
29.11.2013,"33,1332"
28.11.2013,"33,0041"
27.11.2013,"32,9879"
26.11.2013,"32,7733"
23.11.2013,"32,9055"
22.11.2013,"33,0180"
21.11.2013,"32,7417"
20.11.2013,"32,6098"
19.11.2013,"32,5658"
16.11.2013,"32,6807"
15.11.2013,"32,6874"
14.11.2013,"32,8184"
13.11.2013,"32,8076"
12.11.2013,"32,6622"
09.11.2013,"32,5479"
08.11.2013,"32,3803"
07.11.2013,"32,4511"
06.11.2013,"32,3509"
02.11.2013,"32,1808"
01.11.2013,"32,0758"
31.10.2013,"32,0613"
30.10.2013,"31,9445"
29.10.2013,"31,8119"
26.10.2013,"31,6775"
25.10.2013,"31,6618"
24.10.2013,"31,7448"
23.10.2013,"31,9346"
22.10.2013,"31,9013"
19.10.2013,"31,8460"
18.10.2013,"32,0816"
17.10.2013,"32,2561"
16.10.2013,"32,2676"
15.10.2013,"32,2663"
12.10.2013,"32,2133"
11.10.2013,"32,3564"
10.10.2013,"32,3619"
09.10.2013,"32,2984"
08.10.2013,"32,2931"
05.10.2013,"32,1005"
04.10.2013,"32,1250"
03.10.2013,"32,2979"
02.10.2013,"32,2965"
01.10.2013,"32,4839"
28.09.2013,"32,3451"
27.09.2013,"32,1736"
26.09.2013,"31,9343"
25.09.2013,"31,8167"
24.09.2013,"31,9106"
21.09.2013,"31,7326"
20.09.2013,"31,5892"
19.09.2013,"32,2450"
18.09.2013,"32,3237"
17.09.2013,"32,2907"
14.09.2013,"32,7406"
13.09.2013,"32,6731"
12.09.2013,"32,9629"
11.09.2013,"33,0600"
10.09.2013,"33,3243"
07.09.2013,"33,4338"
06.09.2013,"33,3901"
05.09.2013,"33,4656"
04.09.2013,"33,3693"
03.09.2013,"33,2522"
31.08.2013,"33,2474"
30.08.2013,"33,1783"
29.08.2013,"33,1798"
28.08.2013,"33,1224"
27.08.2013,"32,9564"
24.08.2013,"33,0552"
23.08.2013,"33,1908"
22.08.2013,"32,9737"
21.08.2013,"33,0006"
20.08.2013,"32,9226"
17.08.2013,"32,9421"
16.08.2013,"33,0004"
15.08.2013,"33,1583"
14.08.2013,"33,0426"
13.08.2013,"32,8910"
10.08.2013,"32,8606"
09.08.2013,"32,9401"
08.08.2013,"32,9848"
07.08.2013,"32,9390"
06.08.2013,"32,8811"
03.08.2013,"33,0978"
02.08.2013,"32,9741"
01.08.2013,"33,0330"
31.07.2013,"32,8901"
30.07.2013,"32,8556"
27.07.2013,"32,6371"
26.07.2013,"32,5376"
25.07.2013,"32,3462"
24.07.2013,"32,3106"
23.07.2013,"32,3236"
20.07.2013,"32,4288"
19.07.2013,"32,3998"
18.07.2013,"32,4526"
17.07.2013,"32,5417"
16.07.2013,"32,6220"
13.07.2013,"32,6429"
12.07.2013,"32,5867"
11.07.2013,"32,9112"
10.07.2013,"33,0842"
09.07.2013,"33,3210"
06.07.2013,"33,2247"
05.07.2013,"33,1605"
04.07.2013,"33,2204"
03.07.2013,"32,9475"
02.07.2013,"32,8517"
29.06.2013,"32,7090"
28.06.2013,"32,8766"
27.06.2013,"32,8876"
26.06.2013,"32,7140"
25.06.2013,"32,9097"
22.06.2013,"32,7433"
21.06.2013,"32,7041"
20.06.2013,"32,1201"
19.06.2013,"31,8824"
18.06.2013,"31,6790"
15.06.2013,"31,8029"
14.06.2013,"32,3467"
12.06.2013,"32,3951"
11.06.2013,"32,3246"
08.06.2013,"32,2397"
07.06.2013,"32,1385"
06.06.2013,"31,9816"
05.06.2013,"31,8344"
04.06.2013,"32,0487"
01.06.2013,"31,7979"
31.05.2013,"31,5893"
30.05.2013,"31,5203"
29.05.2013,"31,3784"
28.05.2013,"31,3025"
25.05.2013,"31,3164"
24.05.2013,"31,4711"
23.05.2013,"31,2280"
22.05.2013,"31,1770"
21.05.2013,"31,3406"
18.05.2013,"31,3931"
17.05.2013,"31,4166"
16.05.2013,"31,4281"
15.05.2013,"31,2778"
14.05.2013,"31,3777"
09.05.2013,"31,0829"
08.05.2013,"31,0789"
07.05.2013,"31,0839"
01.05.2013,"31,0433"
30.04.2013,"31,2559"
27.04.2013,"31,2196"
26.04.2013,"31,3169"
25.04.2013,"31,5917"
24.04.2013,"31,6414"
23.04.2013,"31,5664"
20.04.2013,"31,4605"
19.04.2013,"31,7151"
18.04.2013,"31,2320"
17.04.2013,"31,4512"
16.04.2013,"31,3051"
13.04.2013,"30,9308"
12.04.2013,"30,8814"
11.04.2013,"31,0036"
10.04.2013,"31,2086"
09.04.2013,"31,6144"
06.04.2013,"31,6207"
05.04.2013,"31,7203"
04.04.2013,"31,3918"
03.04.2013,"31,1178"
02.04.2013,"31,1093"
30.03.2013,"31,0834"
29.03.2013,"30,9962"
28.03.2013,"30,8630"
27.03.2013,"30,8734"
26.03.2013,"30,7585"
23.03.2013,"30,9325"
22.03.2013,"30,8923"
21.03.2013,"30,9446"
20.03.2013,"30,8285"
19.03.2013,"30,8908"
16.03.2013,"30,7196"
15.03.2013,"30,7769"
14.03.2013,"30,7209"
13.03.2013,"30,7499"
12.03.2013,"30,7576"
08.03.2013,"30,7628"
07.03.2013,"30,6214"
06.03.2013,"30,6963"
05.03.2013,"30,7870"
02.03.2013,"30,6381"
01.03.2013,"30,5124"
28.02.2013,"30,6202"
27.02.2013,"30,5889"
26.02.2013,"30,3368"
23.02.2013,"30,3596"
22.02.2013,"30,2337"
21.02.2013,"30,0502"
20.02.2013,"30,1277"
19.02.2013,"30,1258"
16.02.2013,"30,1139"
15.02.2013,"30,0773"
14.02.2013,"30,0692"
13.02.2013,"30,1713"
12.02.2013,"30,1590"
09.02.2013,"30,1575"
08.02.2013,"30,0496"
07.02.2013,"29,9598"
06.02.2013,"30,1231"
05.02.2013,"29,9251"
02.02.2013,"29,9966"
01.02.2013,"30,0161"
31.01.2013,"30,0277"
30.01.2013,"30,1513"
29.01.2013,"30,0782"
26.01.2013,"30,0451"
25.01.2013,"30,1648"
24.01.2013,"30,2292"
23.01.2013,"30,1950"
22.01.2013,"30,2970"
19.01.2013,"30,2065"
18.01.2013,"30,3431"
17.01.2013,"30,3399"
16.01.2013,"30,2556"
15.01.2013,"30,2607"
12.01.2013,"30,2537"
11.01.2013,"30,3650"
10.01.2013,"30,4215"
